Type,Value,Metadata
Endpoint,/svg,
Endpoint,/favicon.svg,Static
Endpoint,/sitemap-index.xml,
Endpoint,//cdn.cookielaw.org,
Endpoint,//geolocation.onetrust.com,
Endpoint,/javascript,
Endpoint,//cdn.cookielaw.org/consent/a6243bc1-c506-418b-8b60-4ca2a9f5e97e/OtAutoBlock.js,
Endpoint,/script,
Endpoint,//cdn.cookielaw.org/scripttemplates/otSDKStub.js,
Endpoint,//cdn.optimizely.com/js/30050670980.js,
Endpoint,/_astro/qualified-chat.astro_astro_type_script_index_0_lang.9ku9jaaW.js,
Endpoint,/_astro/gtm-head.astro_astro_type_script_index_0_lang.Cl2NyjVm.js,
Endpoint,//cdn.bizible.com/scripts/bizible.js,
Endpoint,//d.oracleinfinity.io/infy/acs/account/e2767de829b3457db634985fce617b96/js/trinet/odc.js,
Endpoint,/_astro/oracle-unity.astro_astro_type_script_index_0_lang.Cn012nn0.js,
Endpoint,//cdn.bc0a.com/autopilot/f00000000318081/autopilot_sdk.js,
Endpoint,//img.en25.com/i/elqCfg.min.js,
Endpoint,//www.clarity.ms/tag/,
Endpoint,//www.redditstatic.com/ads/pixel.js,
Endpoint,/title,
Endpoint,//www.trinet.com/,
Endpoint,//images.contentstack.io/v3/assets/blt9ccc5b591c9e2640/bltd13b61fb31a96070/64224eac6f5dc30fb7648fe8/default-meta.png?quality=&width=1200&disable=upscale&format=png,API|Static
Endpoint,//www.trinet.com,
Endpoint,//images.contentstack.io/v3/assets/blt9ccc5b591c9e2640/bltd13b61fb31a96070/64224eac6f5dc30fb7648fe8/default-meta.png?quality=&#38,API|Static
Endpoint,/ld,
Endpoint,//schema.org/,
Endpoint,//cdn.cookielaw.org/logos/dd43fc9d-a116-4af3-af54-cf5ac59081c7/5b30330b-39a8-43b8-a106-2b4f556fd6f8/e5662333-cade-4fec-960b-1f95a7b9c0ab/trinet-logo.png,Static
Endpoint,//twitter.com/trinet,
Endpoint,//www.instagram.com/trinethr/,
Endpoint,//www.linkedin.com/company/trinet,
Endpoint,/_astro/ClientRouter.astro_astro_type_script_index_0_lang.B0JFCTGp.js,
Endpoint,/_astro/default.astro_astro_type_script_index_0_lang.DbhMMhal.js,
Endpoint,/_astro/globals.astro_astro_type_script_index_0_lang.jBfRxWgE.js,
Endpoint,/_astro/index.x11pLhL2.css,Static
Endpoint,/9,
Endpoint,/style,
Endpoint,/_astro/index.C6R1rKE-.css,Static
Endpoint,/_astro/index.epqMgpgV.css,Static
Endpoint,/_astro/index.Du-y6k8M.css,Static
Endpoint,//www.w3.org/2000/svg,
Endpoint,/_astro/_item_.ClcCWOVT.css,Static
Endpoint,/head,
Endpoint,/_astro/default.astro_astro_type_script_index_1_lang.D6deNOQi.js,
Endpoint,/0,
Endpoint,/_astro/InformationBannerOrg.CS75A5mn.js,
Endpoint,/_astro/client.kyTutNRl.js,
Endpoint,/&quot,
Endpoint,/resources/research/state-of-work&quot,
Endpoint,/lp/why-trinet&quot,
Endpoint,/broker-elite-program-terms-and-conditions&quot,
Endpoint,/scheduledemo&quot,
Endpoint,/schedulehr-consult&quot,
Endpoint,/insights/topic/culture&quot,
Endpoint,/insights/hr-outsourcing-companies&quot,
Endpoint,/resources/tools/hr-solution-assessment&quot,
Endpoint,/spread-the-word-nsbws&quot,
Endpoint,/ladyfest&quot,
Endpoint,/support&quot,
Endpoint,/support/&quot,
Endpoint,/login&quot,Auth
Endpoint,/login/&quot,Auth
Endpoint,/ams2025&quot,
Endpoint,/amssweepstakes&quot,
Endpoint,/health-care-security-ordinance&quot,
Endpoint,/terms-holiday-referral-rewards-promotion&quot,
Endpoint,/terms-referrals-program&quot,
Endpoint,/spread-the-word-modernhr2025&quot,
Endpoint,/spread-the-word-tpfxnyc&quot,
Endpoint,/thank-you/research-report-ai-in-hr&quot,
Endpoint,/thank-you/research-report-state-of-work&quot,
Endpoint,/customer-resource-center/&quot,
Endpoint,/customer-resource-center&quot,
Endpoint,/covid-19&quot,
Endpoint,/oe/trinet-colleague/&quot,
Endpoint,/oe/trinet-colleague&quot,
Endpoint,/oe/trinet-ii/&quot,
Endpoint,/oe/trinet-ii&quot,
Endpoint,/oe/trinet-iii-q5-bss/&quot,
Endpoint,/oe/trinet-iii-q5-bss&quot,
Endpoint,/oe/trinet-iii-q3-bss/&quot,
Endpoint,/oe/trinet-iii-q3-bss&quot,
Endpoint,/oe/trinet-ii-legacy/&quot,
Endpoint,/oe/trinet-ii-legacy&quot,
Endpoint,/oe/trinet-ii-net-new/&quot,
Endpoint,/oe/trinet-ii-net-new&quot,
Endpoint,/oe/trinet-iii-q2-bss/&quot,
Endpoint,/oe/trinet-iii-q2-bss&quot,
Endpoint,/oe/trinet-i/&quot,
Endpoint,/oe/trinet-i&quot,
Endpoint,/oe/trinet-iii-q4-bss/&quot,
Endpoint,/oe/trinet-iii-q4-bss&quot,
Endpoint,/oe/trinet-iv/&quot,
Endpoint,/oe/trinet-iv&quot,
Endpoint,/webrequest&quot,
Endpoint,/creativerequest&quot,
Endpoint,/webinars&quot,
Endpoint,/resources/research/state-of-work,
Endpoint,/span,
Endpoint,/a,
Endpoint,/div,
Endpoint,/section,
Endpoint,/astro-island,
Endpoint,//www.googletagmanager.com/ns.html?id=GTM-TDFF4T,
Endpoint,/iframe,
Endpoint,/noscript,
Endpoint,//connect.facebook.net/en_US/fbevents.js,
Endpoint,//,
Endpoint,//www.facebook.com/tr?id=367448854134974&ev=PageView&noscript=1,
Endpoint,//collector-20055.tvsquared.com/,
Endpoint,//api.fouanalytics.com/api/init-2610wqqn2z802ns5kpnd.js,
Endpoint,//app,
Endpoint,/visitor.js,
Endpoint,/solutions/hr-plus,
Endpoint,/solutions/hr-platform,
Endpoint,/hr-plus,
Endpoint,/hr-platform,
Endpoint,/data-rights,
Endpoint,/privacy,
Endpoint,/search,
Endpoint,/path,
Endpoint,/li,
Endpoint,/product-updates,
Endpoint,/support,
Endpoint,/_astro/AuxiliaryLinks.astro_astro_type_script_index_0_lang.DBsVjKTD.js,
Endpoint,/ul,
Endpoint,/button,
Endpoint,//identity.trinet.com/?_gl=1,
Endpoint,//secure.zenefits.com/accounts/login/,Auth
Endpoint,/_astro/LoginForTopBar.astro_astro_type_script_index_0_lang.bqVZM3Zw.js,
Endpoint,/polygon,
Endpoint,/g,
Endpoint,/_astro/CompanyLogo.astro_astro_type_script_index_0_lang.whqrlyCb.js,
Endpoint,/link,
Endpoint,/2,
Endpoint,/hr-services,
Endpoint,/benefits,
Endpoint,/manage-employees,Admin
Endpoint,/automate-hr,
Endpoint,/hr-compliance,
Endpoint,/payroll,
Endpoint,/access-hr-experts,
Endpoint,/p,
Endpoint,/resources/tools/hr-solution-assessment,
Endpoint,/resources/tools/roi-calculator,
Endpoint,//images.contentstack.io/v3/assets/blt9ccc5b591c9e2640/blt7e2eec8646d2f388/68c14bf1fc86eb1828e18762/Group_427318616.svg,API|Static
Endpoint,/contact-us,
Endpoint,/solutions,
Endpoint,/peo,
Endpoint,/peo/pricing,
Endpoint,/peo/advantages,
Endpoint,/hr-plus/pricing,
Endpoint,/hr-plus/advantages,
Endpoint,/customer-stories,
Endpoint,/customer-community,
Endpoint,/referrals,
Endpoint,/customer-stories#video-gallery,
Endpoint,/customer-reviews,
Endpoint,//images.contentstack.io/v3/assets/blt9ccc5b591c9e2640/blt875bb99ed3bbff0b/68ade577b54b0630f3ca0046/JosephPoma_EastCoastCapital.png,API|Static
Endpoint,/blockquote,
Endpoint,/customer-stories/east-coast-capital,
Endpoint,/insights,
Endpoint,//images.contentstack.io/v3/assets/blt9ccc5b591c9e2640/bltd842f9c92ebaaf8b/693303e5d2dab98390f56045/PEO_401k_benefits.jpg,API|Static
Endpoint,/insights/peo-401k-benefits,
Endpoint,/resources,
Endpoint,//images.contentstack.io/v3/assets/blt9ccc5b591c9e2640/blt89f4a52fe96f2824/6901262caeaf65380a24f46f/State_of_Workplace_2025_Whats_New.png,API|Static
Endpoint,/events,
Endpoint,//images.contentstack.io/v3/assets/blt9ccc5b591c9e2640/blt451e75c2ab33e7f8/69249a7ad72d262a64afc01f/Next-Level-Graphics-v4-Event-16x9.png,API|Static
Endpoint,//www.airmeet.com/e/2f56c580-b429-11f0-9be4-375c53bcf15c,
Endpoint,/about-us,
Endpoint,/about-us#leadership,
Endpoint,//investor.trinet.com/investor-relations/?_gl=1,
Endpoint,/about-us/careers,
Endpoint,/about-us/culture-of-belonging,
Endpoint,/about-us/trinet-foundation,
Endpoint,/about-us/news-press,
Endpoint,/about-us/stakeholder-impact,
Endpoint,/about-us/news-press/press-releases/trinet-unveils-2025-state-of-the-workplace-report,
Endpoint,/about-us/news-press/press-releases/trinet-announces-third-quarter-2025-results-reaffirms-full-year-2025-guidance,
Endpoint,/partners,
Endpoint,/partners/brokers,
Endpoint,/partners/alliance,
Endpoint,/partners/accountants,
Endpoint,/partners/venture-capital,
Endpoint,/partners/marketplace-partners,
Endpoint,/_astro/LoginForDrawer.astro_astro_type_script_index_0_lang.RI3lsBLb.js,
Endpoint,/nav,
Endpoint,/_astro/NavMain.astro_astro_type_script_index_0_lang.B7W6CYqz.js,
Endpoint,/_astro/HomeHeroTemp.B_03_ZUv.js,
Endpoint,/webp&quot,
Endpoint,//images.contentstack.io/v3/assets/blt9ccc5b591c9e2640/bltae54dd85cf6cde2e/68127bbed6b2556bc6ebe5bb/Good_Culture.webp&quot,API
Endpoint,//images.contentstack.io/v3/assets/blt9ccc5b591c9e2640/blt6fdb45cf69bbd70f/68127bb1a61e015666da9afc/Van_Leeuwun_Ice_Cream.webp&quot,API
Endpoint,/p&gt,
Endpoint,/contact-us&quot,
Endpoint,/span&gt,
Endpoint,//images.contentstack.io/v3/assets/blt9ccc5b591c9e2640/blt0e630701e336688e/68127dc83b56c2dc5a17661b/ZYMO_Research.webp&quot,API
Endpoint,/png&quot,
Endpoint,//images.contentstack.io/v3/assets/blt9ccc5b591c9e2640/bltcfc58744141bf6ac/67cf1a366ecf339c913bc18c/Blue_arrow.png&quot,API
Endpoint,/h1,
Endpoint,/12,
Endpoint,/4,
Endpoint,/94,
Endpoint,//images.contentstack.io/v3/assets/blt9ccc5b591c9e2640/bltcfc58744141bf6ac/67cf1a366ecf339c913bc18c/Blue_arrow.png?format=webp&amp,API|Static
Endpoint,/picture,
Endpoint,/_astro/home-quote.DIKCftTE.js,
Endpoint,/u&gt,
Endpoint,/customer-stories/cask-government-services&quot,
Endpoint,//images.contentstack.io/v3/assets/blt9ccc5b591c9e2640/blt8dbb86ab3aec6e64/68d2bca5930d01738da6bb61/Nicole-Depelteau-Cask.webp&quot,API
Endpoint,//www.w3.org/2000/svg&#39,
Endpoint,/&gt,
Endpoint,/svg&gt,
Endpoint,//images.contentstack.io/v3/assets/blt9ccc5b591c9e2640/blt8dbb86ab3aec6e64/68d2bca5930d01738da6bb61/Nicole-Depelteau-Cask.webp?format=webp&amp,API|Static
Endpoint,/455,
Endpoint,/u,
Endpoint,/customer-stories/cask-government-services,
Endpoint,/_astro/HomeExpandableCardsTemp.BKM4dm9-.js,
Endpoint,//images.contentstack.io/v3/assets/blt9ccc5b591c9e2640/blt89f4a52fe96f2824/6901262caeaf65380a24f46f/State_of_Workplace_2025_Whats_New.png&quot,API
Endpoint,//images.contentstack.io/v3/assets/blt9ccc5b591c9e2640/blt0945474282f47c9e/69012dc5daa5331e57a9487c/AI_Powered-whatsnew-verticle.png&quot,API
Endpoint,/hr-services/technology-platform/ai#video&quot,
Endpoint,/about-us/referrals/terms-and-conditions,
Endpoint,/a&gt,
Endpoint,/about-us/referrals&quot,
Endpoint,//images.contentstack.io/v3/assets/blt9ccc5b591c9e2640/blt89f4a52fe96f2824/6901262caeaf65380a24f46f/State_of_Workplace_2025_Whats_New.png?format=webp&amp,API|Static
Endpoint,/220,
Endpoint,//images.contentstack.io/v3/assets/blt9ccc5b591c9e2640/blt0945474282f47c9e/69012dc5daa5331e57a9487c/AI_Powered-whatsnew-verticle.png?format=webp&amp,API|Static
Endpoint,/526,
Endpoint,/hr-services/technology-platform/ai#video,
Endpoint,/about-us/referrals,
Endpoint,/_astro/home-cards.B87FP4YI.js,
Endpoint,/peo&quot,
Endpoint,/hr-plus&quot,
Endpoint,/_astro/home-content-block.BBMORp4H.js,
Endpoint,/sup&gt,
Endpoint,/div&gt,
Endpoint,/benefits&quot,
Endpoint,//images.contentstack.io/v3/assets/blt9ccc5b591c9e2640/blt493c63666ffa72ee/68d2be3c34cb6c4471184140/Offer_Benefits.webp&quot,API
Endpoint,//images.contentstack.io/v3/assets/blt9ccc5b591c9e2640/blt493c63666ffa72ee/68d2be3c34cb6c4471184140/Offer_Benefits.webp?format=webp&amp,API|Static
Endpoint,/515,
Endpoint,/h2,
Endpoint,/sup,
Endpoint,/strong&gt,
Endpoint,/payroll&quot,
Endpoint,//images.contentstack.io/v3/assets/blt9ccc5b591c9e2640/blt5d89c9a245b3d192/68d2be77d4839394ca771a0d/Run_Payroll-Efficient.webp&quot,API
Endpoint,//images.contentstack.io/v3/assets/blt9ccc5b591c9e2640/bltbacba416e42343da/68d2be91dfcdb62c4ab4fa9c/Run_Payroll.webp&quot,API
Endpoint,//images.contentstack.io/v3/assets/blt9ccc5b591c9e2640/blt5d89c9a245b3d192/68d2be77d4839394ca771a0d/Run_Payroll-Efficient.webp?format=webp&amp,API|Static
Endpoint,/805,
Endpoint,//images.contentstack.io/v3/assets/blt9ccc5b591c9e2640/bltbacba416e42343da/68d2be91dfcdb62c4ab4fa9c/Run_Payroll.webp?format=webp&amp,API|Static
Endpoint,/787,
Endpoint,/strong,
Endpoint,/hr-compliance&quot,
Endpoint,//images.contentstack.io/v3/assets/blt9ccc5b591c9e2640/blta8ea17968a03d47d/68d2bfe38c48987748623061/Stay_Compliant.webp&quot,API
Endpoint,//images.contentstack.io/v3/assets/blt9ccc5b591c9e2640/blta8ea17968a03d47d/68d2bfe38c48987748623061/Stay_Compliant.webp?format=webp&amp,API|Static
Endpoint,/517,
Endpoint,/_astro/home-expandable-chess.jXtRhQ1A.js,
Endpoint,//images.contentstack.io/v3/assets/blt9ccc5b591c9e2640/blta93f23929e18742e/68c9fec848d1bec43161de66/HR_compliance_Handled.svg&quot,API
Endpoint,//images.contentstack.io/v3/assets/blt9ccc5b591c9e2640/bltdbbabd99e36eb079/691ecfc3b48b4561453f8e57/HR_compliance_Handled_white.svg&quot,API
Endpoint,/li&gt,
Endpoint,/ul&gt,
Endpoint,/jpeg&quot,
Endpoint,//images.contentstack.io/v3/assets/blt9ccc5b591c9e2640/bltb978aa24eb2a51ba/657f655171a55d4a80cd09f7/home-hr-expertise.jpg&quot,API
Endpoint,/hr-services/hr-expertise&quot,
Endpoint,//images.contentstack.io/v3/assets/blt9ccc5b591c9e2640/blt4ee6d6c3a018570c/68c9fe9637dd91180ca74d67/Quality_health_coverage_Check.svg&quot,API
Endpoint,//images.contentstack.io/v3/assets/blt9ccc5b591c9e2640/blt05ae4f21241921ab/691ecfc3af699df8aee174a9/Quality_health_coverage_Check_white.svg&quot,API
Endpoint,//images.contentstack.io/v3/assets/blt9ccc5b591c9e2640/bltd532f9f7bd91379e/657f65c541ecfd918bde201b/home-hr-benefits.jpg&quot,API
Endpoint,/hr-services/benefit-options&quot,
Endpoint,//images.contentstack.io/v3/assets/blt9ccc5b591c9e2640/bltdbb425eeff5fbdbb/690d295df20dcb2d6642c1af/schedule_calender.svg&quot,API
Endpoint,//images.contentstack.io/v3/assets/blt9ccc5b591c9e2640/blt646527632fee89ad/691ecfc237bfcfd18875908d/schedule_calender_white.svg&quot,API
Endpoint,//images.contentstack.io/v3/assets/blt9ccc5b591c9e2640/blt641290a6298c8797/657f618a33550ec305d5938c/home-headache-free-payroll.jpg&quot,API
Endpoint,/hr-services/payroll&quot,
Endpoint,//images.contentstack.io/v3/assets/blt9ccc5b591c9e2640/blt54e25bd0b132c837/690d294f9e551d2271b6ef3c/notepad.svg&quot,API
Endpoint,//images.contentstack.io/v3/assets/blt9ccc5b591c9e2640/bltdefd1c862e77fa84/691ecfc2e6d428f4f4169c73/notepad_white.svg&quot,API
Endpoint,//images.contentstack.io/v3/assets/blt9ccc5b591c9e2640/bltd612e2cf1266cb43/657f66efb05b9e1e1dd6fc35/home-risk-mitigation.jpg&quot,API
Endpoint,/hr-services/risk-mitigation&quot,
Endpoint,//images.contentstack.io/v3/assets/blt9ccc5b591c9e2640/bltc6a285a373f58a33/68cb204dfd2932acfc29c9b0/Prebuilt_integrations.svg&quot,API
Endpoint,//images.contentstack.io/v3/assets/blt9ccc5b591c9e2640/blt954ade42ade79599/691ecfc25eb80540277a74eb/Prebuilt_integrations_white.svg&quot,API
Endpoint,//images.contentstack.io/v3/assets/blt9ccc5b591c9e2640/bltbd1aa811d79d25c0/657f5e1413cde93bcf1fd9b8/home-hr-platform.jpg&quot,API
Endpoint,/hr-services/technology-platform&quot,
Endpoint,//images.contentstack.io/v3/assets/blt9ccc5b591c9e2640/blt5cbcad2744bde778/691ca846b48b4531823f8241/laptop_world.svg&quot,API
Endpoint,//images.contentstack.io/v3/assets/blt9ccc5b591c9e2640/blt6aa5413383cf4012/691ecfc2b48b458f293f8e53/laptop_world_white.svg&quot,API
Endpoint,//images.contentstack.io/v3/assets/blt9ccc5b591c9e2640/bltee52d5a6966dda09/61b929e15b7db17e9760638a/peoplematter-stories-lp-banner.jpg&quot,API
Endpoint,/hr-services/contractors-and-global&quot,
Endpoint,/3,
Endpoint,//images.contentstack.io/v3/assets/blt9ccc5b591c9e2640/blta93f23929e18742e/68c9fec848d1bec43161de66/HR_compliance_Handled.svg,API|Static
Endpoint,//images.contentstack.io/v3/assets/blt9ccc5b591c9e2640/bltdbbabd99e36eb079/691ecfc3b48b4561453f8e57/HR_compliance_Handled_white.svg,API|Static
Endpoint,/hr-services/hr-expertise,
Endpoint,//images.contentstack.io/v3/assets/blt9ccc5b591c9e2640/blt4ee6d6c3a018570c/68c9fe9637dd91180ca74d67/Quality_health_coverage_Check.svg,API|Static
Endpoint,//images.contentstack.io/v3/assets/blt9ccc5b591c9e2640/blt05ae4f21241921ab/691ecfc3af699df8aee174a9/Quality_health_coverage_Check_white.svg,API|Static
Endpoint,/hr-services/benefit-options,
Endpoint,//images.contentstack.io/v3/assets/blt9ccc5b591c9e2640/bltdbb425eeff5fbdbb/690d295df20dcb2d6642c1af/schedule_calender.svg,API|Static
Endpoint,//images.contentstack.io/v3/assets/blt9ccc5b591c9e2640/blt646527632fee89ad/691ecfc237bfcfd18875908d/schedule_calender_white.svg,API|Static
Endpoint,/hr-services/payroll,
Endpoint,//images.contentstack.io/v3/assets/blt9ccc5b591c9e2640/blt54e25bd0b132c837/690d294f9e551d2271b6ef3c/notepad.svg,API|Static
Endpoint,//images.contentstack.io/v3/assets/blt9ccc5b591c9e2640/bltdefd1c862e77fa84/691ecfc2e6d428f4f4169c73/notepad_white.svg,API|Static
Endpoint,/hr-services/risk-mitigation,
Endpoint,//images.contentstack.io/v3/assets/blt9ccc5b591c9e2640/bltc6a285a373f58a33/68cb204dfd2932acfc29c9b0/Prebuilt_integrations.svg,API|Static
Endpoint,//images.contentstack.io/v3/assets/blt9ccc5b591c9e2640/blt954ade42ade79599/691ecfc25eb80540277a74eb/Prebuilt_integrations_white.svg,API|Static
Endpoint,/hr-services/technology-platform,
Endpoint,//images.contentstack.io/v3/assets/blt9ccc5b591c9e2640/blt5cbcad2744bde778/691ca846b48b4531823f8241/laptop_world.svg,API|Static
Endpoint,//images.contentstack.io/v3/assets/blt9ccc5b591c9e2640/blt6aa5413383cf4012/691ecfc2b48b458f293f8e53/laptop_world_white.svg,API|Static
Endpoint,/hr-services/contractors-and-global,
Endpoint,//images.contentstack.io/v3/assets/blt9ccc5b591c9e2640/bltb978aa24eb2a51ba/657f655171a55d4a80cd09f7/home-hr-expertise.jpg?format=webp&amp,API|Static
Endpoint,/1333,
Endpoint,/solutions&quot,
Endpoint,//images.contentstack.io/v3/assets/blt9ccc5b591c9e2640/bltee154ad4abcd4ca3/6574817fb1711b0a78174fb0/433ed14d4264df9a5e65e808df39d093.jpg&quot,API
Endpoint,//images.contentstack.io/v3/assets/blt9ccc5b591c9e2640/bltee154ad4abcd4ca3/6574817fb1711b0a78174fb0/433ed14d4264df9a5e65e808df39d093.jpg?format=webp&amp,API|Static
Endpoint,/1320,
Endpoint,/navigating-uncertain-times&quot,
Endpoint,//images.contentstack.io/v3/assets/blt9ccc5b591c9e2640/blt2fea6793c83a4271/685adfb6de01d658183a75ea/navigating-uncertain-times-home.webp&quot,API
Endpoint,//images.contentstack.io/v3/assets/blt9ccc5b591c9e2640/blt2fea6793c83a4271/685adfb6de01d658183a75ea/navigating-uncertain-times-home.webp?format=webp&amp,API|Static
Endpoint,/636,
Endpoint,/navigating-uncertain-times,
Endpoint,/_astro/logos.DJrU6Do-.js,
Endpoint,//images.contentstack.io/v3/assets/blt9ccc5b591c9e2640/blt6984bfea057a8713/6266c83e4c266266f572fd64/dagne-dover-logo.webp&quot,API
Endpoint,//images.contentstack.io/v3/assets/blt9ccc5b591c9e2640/blt6984bfea057a8713/dagne-dover-logo.png&quot,API
Endpoint,//images.contentstack.io/v3/assets/blt9ccc5b591c9e2640/blt87e547234e7c14a1/6830d739a3921e13eeee2abd/EquiLend_Logo.png&quot,API
Endpoint,//images.contentstack.io/v3/assets/blt9ccc5b591c9e2640/bltaaa279af90e7914c/67c0cac721a60e6138a4468d/Fairytale-Brownies-logo.webp&quot,API
Endpoint,//images.contentstack.io/v3/assets/blt9ccc5b591c9e2640/blt4df9c128104d86cf/648889dd224c070e90403f88/happiestbaby_logo.png&quot,API
Endpoint,//images.contentstack.io/v3/assets/blt9ccc5b591c9e2640/blt021a4600450e300d/67c0caed21a60efa71a44690/joan_logo.webp&quot,API
Endpoint,//images.contentstack.io/v3/assets/blt9ccc5b591c9e2640/blt209751ee8bf73faa/662aebf9107b28e34f6c7aa0/mjff-logo.png&quot,API
Endpoint,//images.contentstack.io/v3/assets/blt9ccc5b591c9e2640/bltc3d262fc40bf9bc1/68b21e0809309bce4e68a32a/Mikes_Hot_Honey_logo.webp&quot,API
Endpoint,//images.contentstack.io/v3/assets/blt9ccc5b591c9e2640/blt229688dd961b0b95/6399166a6b49e42f7c1ac758/moleskine-logo.png&quot,API
Endpoint,//images.contentstack.io/v3/assets/blt9ccc5b591c9e2640/blteeb6292f8f69027a/677d67a681e2c074f9798996/MTI_Logo_Main.png&quot,API
Endpoint,//images.contentstack.io/v3/assets/blt9ccc5b591c9e2640/bltff0c457f05002484/5ece9d73ca91024f9da7d931/ODA-logo.png&quot,API
Endpoint,//images.contentstack.io/v3/assets/blt9ccc5b591c9e2640/blt90348c4dd531b823/663930f045868a4eea8389e7/Talkspace-logo.png&quot,API
Endpoint,//images.contentstack.io/v3/assets/blt9ccc5b591c9e2640/blt10482369c89358ec/5fa9e26e72a3526f28dba596/urogen-logo.png&quot,API
Endpoint,/120,
Endpoint,//images.contentstack.io/v3/assets/blt9ccc5b591c9e2640/blt6984bfea057a8713/6266c83e4c266266f572fd64/dagne-dover-logo.webp?format=webp&amp,API|Static
Endpoint,/118,
Endpoint,//images.contentstack.io/v3/assets/blt9ccc5b591c9e2640/blt87e547234e7c14a1/6830d739a3921e13eeee2abd/EquiLend_Logo.png?format=webp&amp,API|Static
Endpoint,/155,
Endpoint,//images.contentstack.io/v3/assets/blt9ccc5b591c9e2640/bltaaa279af90e7914c/67c0cac721a60e6138a4468d/Fairytale-Brownies-logo.webp?format=webp&amp,API|Static
Endpoint,/159,
Endpoint,//images.contentstack.io/v3/assets/blt9ccc5b591c9e2640/blt4df9c128104d86cf/648889dd224c070e90403f88/happiestbaby_logo.png?format=webp&amp,API|Static
Endpoint,/400,
Endpoint,//images.contentstack.io/v3/assets/blt9ccc5b591c9e2640/blt021a4600450e300d/67c0caed21a60efa71a44690/joan_logo.webp?format=webp&amp,API|Static
Endpoint,/74,
Endpoint,//images.contentstack.io/v3/assets/blt9ccc5b591c9e2640/blt209751ee8bf73faa/662aebf9107b28e34f6c7aa0/mjff-logo.png?format=webp&amp,API|Static
Endpoint,/72,
Endpoint,//images.contentstack.io/v3/assets/blt9ccc5b591c9e2640/bltc3d262fc40bf9bc1/68b21e0809309bce4e68a32a/Mikes_Hot_Honey_logo.webp?format=webp&amp,API|Static
Endpoint,/15,
Endpoint,//images.contentstack.io/v3/assets/blt9ccc5b591c9e2640/blt229688dd961b0b95/6399166a6b49e42f7c1ac758/moleskine-logo.png?format=webp&amp,API|Static
Endpoint,/382,
Endpoint,//images.contentstack.io/v3/assets/blt9ccc5b591c9e2640/blteeb6292f8f69027a/677d67a681e2c074f9798996/MTI_Logo_Main.png?format=webp&amp,API|Static
Endpoint,/103,
Endpoint,//images.contentstack.io/v3/assets/blt9ccc5b591c9e2640/bltff0c457f05002484/5ece9d73ca91024f9da7d931/ODA-logo.png?format=webp&amp,API|Static
Endpoint,/81,
Endpoint,//images.contentstack.io/v3/assets/blt9ccc5b591c9e2640/blt90348c4dd531b823/663930f045868a4eea8389e7/Talkspace-logo.png?format=webp&amp,API|Static
Endpoint,/91,
Endpoint,//images.contentstack.io/v3/assets/blt9ccc5b591c9e2640/blt10482369c89358ec/5fa9e26e72a3526f28dba596/urogen-logo.png?format=webp&amp,API|Static
Endpoint,//images.contentstack.io/v3/assets/blt9ccc5b591c9e2640/blt66d65cf76475fb1f/65a00cd2366e0649f870090f/AndyBall_90210.png&quot,API
Endpoint,/customer-stories/90210-surgery-medical-center&quot,
Endpoint,//images.contentstack.io/v3/assets/blt9ccc5b591c9e2640/bltdf5f8e13466afeb5/67ae2772254c9b306deab7c5/CES_Thumbnail_2_smallcrop.PNG&quot,API
Endpoint,/customer-stories/ces-group-engineers&quot,
Endpoint,//images.contentstack.io/v3/assets/blt9ccc5b591c9e2640/blt23ce94410abdf573/68c34ec274616553b5c33ff9/Deepa_Gandhi-Co-Founder_and_CEO_Dagne_Dover.webp&quot,API
Endpoint,/customer-stories/dagne-dover&quot,
Endpoint,//images.contentstack.io/v3/assets/blt9ccc5b591c9e2640/bltae5480221a787d36/6578c0e3796dc442b5e8ce45/maccaron-foundation-home.jpg&quot,API
Endpoint,/customer-stories/mccarton-foundation&quot,
Endpoint,//images.contentstack.io/v3/assets/blt9ccc5b591c9e2640/blt66d65cf76475fb1f/65a00cd2366e0649f870090f/AndyBall_90210.png?format=webp&amp,API|Static
Endpoint,/932,
Endpoint,/customer-stories/90210-surgery-medical-center,
Endpoint,/h3,
Endpoint,//images.contentstack.io/v3/assets/blt9ccc5b591c9e2640/bltdf5f8e13466afeb5/67ae2772254c9b306deab7c5/CES_Thumbnail_2_smallcrop.PNG?format=webp&amp,API|Static
Endpoint,/850,
Endpoint,/customer-stories/ces-group-engineers,
Endpoint,//images.contentstack.io/v3/assets/blt9ccc5b591c9e2640/blt23ce94410abdf573/68c34ec274616553b5c33ff9/Deepa_Gandhi-Co-Founder_and_CEO_Dagne_Dover.webp?format=webp&amp,API|Static
Endpoint,/934,
Endpoint,/customer-stories/dagne-dover,
Endpoint,//images.contentstack.io/v3/assets/blt9ccc5b591c9e2640/bltae5480221a787d36/6578c0e3796dc442b5e8ce45/maccaron-foundation-home.jpg?format=webp&amp,API|Static
Endpoint,/669,
Endpoint,/customer-stories/mccarton-foundation,
Endpoint,/_astro/home-latest-news.AOvzY9v1.js,
Endpoint,/_astro/HomeAccordionTemp.DO7Jq9Ta.js,
Endpoint,//www.trinet.com/contact-us&quot,
Endpoint,//www.trinet.com/&quot,
Endpoint,//www.trinet.com/contact-us,
Endpoint,/_astro/home-full-width-form.CQ0Fb8QM.js,
Endpoint,//www.trinet.com/privacy-policy,
Endpoint,//privacyportal.onetrust.com/ui/#/preferences/multipage/token/3f6e14fc-b7f0-4666-8192-b3058e794130,
Endpoint,/thank-you/learn-more&quot,
Endpoint,/label,
Endpoint,/form,
Endpoint,//images.contentstack.io/v3/assets/blt9ccc5b591c9e2640/bltf3b4bd3d91d93198/683dea3938cd129f7ecd720a/2025_US_News_Best_Overall.webp&quot,API
Endpoint,//images.contentstack.io/v3/assets/blt9ccc5b591c9e2640/blt84bb5b5a5303b7ad/691f6dc1af699d6ee2e17858/bbb-award.png&quot,API
Endpoint,/04/2025,
Endpoint,//www.bbb.org/us/ca/dublin/profile/human-resources/trinet-1116-880724&quot,
Endpoint,//images.contentstack.io/v3/assets/blt9ccc5b591c9e2640/bltcccac76a1c164a36/6838c44ab705e0061563e3f7/Americas_Greatest_Workplaces_for_WOMAN-2025.webp&quot,API
Endpoint,//images.contentstack.io/v3/assets/blt9ccc5b591c9e2640/blt26ebace90b111313/67a28176a9ee4410e901951e/Americas_Greatest_Workplaces_2025_Diveristy.png&quot,API
Endpoint,//images.contentstack.io/v3/assets/blt9ccc5b591c9e2640/blt401a82e86c016a6c/65cf9a4627682e37c5e9ba77/newsweek_w_1.png&quot,API
Endpoint,//images.contentstack.io/v3/assets/blt9ccc5b591c9e2640/blt6f7821936251d8b8/66c63128ca9595296153bccf/Bell-Seal-Logo_Platinum-2024_218.png&quot,API
Endpoint,//images.contentstack.io/v3/assets/blt9ccc5b591c9e2640/blt05478bbc4ac924cf/681a6a93b55bf3435107f4f3/Bell-Seal-Logo-Gold-2023.jpg&quot,API
Endpoint,//images.contentstack.io/v3/assets/blt9ccc5b591c9e2640/blt4c7f8d48ee958bbe/681a6e46a6dd3486572288c7/Equality_100.webp&quot,API
Endpoint,//images.contentstack.io/v3/assets/blt9ccc5b591c9e2640/blt777071dbe6d9c6c8/662294f0b0544114e199bdae/human-rights-campaign-logo.jpg&quot,API
Endpoint,//images.contentstack.io/v3/assets/blt9ccc5b591c9e2640/blt18d756ecf62d7211/66c6314b3bab1160eba2dccb/DEI-Score-Logos_218.png&quot,API
Endpoint,//images.contentstack.io/v3/assets/blt9ccc5b591c9e2640/blte17b7f5ce9a8e27e/66293d17ac4b007f00c43298/Excellence-CustServ-Award-2024.png&quot,API
Endpoint,//images.contentstack.io/v3/assets/blt9ccc5b591c9e2640/blt71e1e3e458ffef3b/686e754ab6f4b439a40848d1/medal_,API
Endpoint,//images.contentstack.io/v3/assets/blt9ccc5b591c9e2640/blt9897c1c8d4560964/686e74a7e01830fc7978e7c2/users-love-us.png&quot,API
Endpoint,//images.contentstack.io/v3/assets/blt9ccc5b591c9e2640/bltd97b57de693b7a21/68487c4f7431daa84a41b305/top-rated-2025-flat.png&quot,API
Endpoint,//images.contentstack.io/v3/assets/blt9ccc5b591c9e2640/bltf183ac832988bbeb/6917aeaf4b00bd85d0944d17/buyer-s-choice-2026-flat.png&quot,API
Endpoint,/176,
Endpoint,//images.contentstack.io/v3/assets/blt9ccc5b591c9e2640/bltf3b4bd3d91d93198/683dea3938cd129f7ecd720a/2025_US_News_Best_Overall.webp?format=webp&amp,API|Static
Endpoint,//www.bbb.org/us/ca/dublin/profile/human-resources/trinet-1116-880724,
Endpoint,/200,
Endpoint,//images.contentstack.io/v3/assets/blt9ccc5b591c9e2640/blt84bb5b5a5303b7ad/691f6dc1af699d6ee2e17858/bbb-award.png?format=webp&amp,API|Static
Endpoint,/904,
Endpoint,//images.contentstack.io/v3/assets/blt9ccc5b591c9e2640/bltcccac76a1c164a36/6838c44ab705e0061563e3f7/Americas_Greatest_Workplaces_for_WOMAN-2025.webp?format=webp&amp,API|Static
Endpoint,/834,
Endpoint,//images.contentstack.io/v3/assets/blt9ccc5b591c9e2640/blt26ebace90b111313/67a28176a9ee4410e901951e/Americas_Greatest_Workplaces_2025_Diveristy.png?format=webp&amp,API|Static
Endpoint,/256,
Endpoint,//images.contentstack.io/v3/assets/blt9ccc5b591c9e2640/blt401a82e86c016a6c/65cf9a4627682e37c5e9ba77/newsweek_w_1.png?format=webp&amp,API|Static
Endpoint,/218,
Endpoint,//images.contentstack.io/v3/assets/blt9ccc5b591c9e2640/blt6f7821936251d8b8/66c63128ca9595296153bccf/Bell-Seal-Logo_Platinum-2024_218.png?format=webp&amp,API|Static
Endpoint,/205,
Endpoint,//images.contentstack.io/v3/assets/blt9ccc5b591c9e2640/blt05478bbc4ac924cf/681a6a93b55bf3435107f4f3/Bell-Seal-Logo-Gold-2023.jpg?format=webp&amp,API|Static
Endpoint,/97,
Endpoint,//images.contentstack.io/v3/assets/blt9ccc5b591c9e2640/blt4c7f8d48ee958bbe/681a6e46a6dd3486572288c7/Equality_100.webp?format=webp&amp,API|Static
Endpoint,//images.contentstack.io/v3/assets/blt9ccc5b591c9e2640/blt777071dbe6d9c6c8/662294f0b0544114e199bdae/human-rights-campaign-logo.jpg?format=webp&amp,API|Static
Endpoint,//images.contentstack.io/v3/assets/blt9ccc5b591c9e2640/blt18d756ecf62d7211/66c6314b3bab1160eba2dccb/DEI-Score-Logos_218.png?format=webp&amp,API|Static
Endpoint,/144,
Endpoint,//images.contentstack.io/v3/assets/blt9ccc5b591c9e2640/blte17b7f5ce9a8e27e/66293d17ac4b007f00c43298/Excellence-CustServ-Award-2024.png?format=webp&amp,API|Static
Endpoint,/1000,
Endpoint,//images.contentstack.io/v3/assets/blt9ccc5b591c9e2640/blt9897c1c8d4560964/686e74a7e01830fc7978e7c2/users-love-us.png?format=webp&amp,API|Static
Endpoint,/1060,
Endpoint,//images.contentstack.io/v3/assets/blt9ccc5b591c9e2640/bltd97b57de693b7a21/68487c4f7431daa84a41b305/top-rated-2025-flat.png?format=webp&amp,API|Static
Endpoint,//images.contentstack.io/v3/assets/blt9ccc5b591c9e2640/bltf183ac832988bbeb/6917aeaf4b00bd85d0944d17/buyer-s-choice-2026-flat.png?format=webp&amp,API|Static
Endpoint,//www.peoreliability.org/TriNetGroup,
Endpoint,/475,
Endpoint,//images.contentstack.io/v3/assets/blt9ccc5b591c9e2640/blt211872818da7d18a/657713ee0ae3403890881081/esac.png?format=webp&amp,API|Static
Endpoint,//www.irs.gov/tax-professionals/certified-professional-employer-organization,
Endpoint,/53,
Endpoint,//images.contentstack.io/v3/assets/blt9ccc5b591c9e2640/blt49880b6df5a7d497/65f8b3d25a287d7fdef2ef6c/logo_irs.png?format=webp&amp,API|Static
Endpoint,/57,
Endpoint,//images.contentstack.io/v3/assets/blt9ccc5b591c9e2640/bltf76962d8398b8e49/691f7083c258cc8e708b2255/bbb-rating-dark.png?format=webp&amp,API|Static
Endpoint,//itunes.apple.com/us/app/trinet-mobile/id589217167?mt=8,
Endpoint,/rect,
Endpoint,/clipPath,
Endpoint,/defs,
Endpoint,//play.google.com/store/apps/details?id=com.trinet.hrpmobile&amp,
Endpoint,/stop,
Endpoint,/linearGradient,
Endpoint,/125,
Endpoint,//images.contentstack.io/v3/assets/blt9ccc5b591c9e2640/blta54a1803e4987e60/675ad3b0579e6cdb44d24c10/TZ_2c_rgb_sm.png?format=webp&amp,API|Static
Endpoint,//apps.apple.com/us/app/zenefits/id1026354905,
Endpoint,//play.google.com/store/apps/details?id=com.zenefits.android.apps.people&amp,
Endpoint,/locations,
Endpoint,/faqs,
Endpoint,//investor.trinet.com/investor-relations/,
Endpoint,/about-us/advocacy,
Endpoint,/solutions/industry,
Endpoint,/solutions/business-stage,
Endpoint,/hr-services/technology-platform/ai,
Endpoint,/rise,
Endpoint,//images.contentstack.io/v3/assets/blt9ccc5b591c9e2640/bltd33b9a1a98d3eac7/678910a08926c5ba9c033cb5/rise_icon_logo.svg,API|Static
Endpoint,/terms-of-use,
Endpoint,/privacy-policy,
Endpoint,/disclaimer,
Endpoint,/login,Auth
Endpoint,/data-rights#,
Endpoint,//www.facebook.com/TriNetHR,
Endpoint,//images.contentstack.io/v3/assets/blt9ccc5b591c9e2640/blt13cf65e543bd8627/5c1aae188468c637373f33b7/social_facebook.svg,API|Static
Endpoint,//www.linkedin.com/companies/trinet,
Endpoint,//images.contentstack.io/v3/assets/blt9ccc5b591c9e2640/blt99584f5700c10b4e/5c1aae18331d8a3c3761c7ff/social_linkedin.svg,API|Static
Endpoint,//images.contentstack.io/v3/assets/blt9ccc5b591c9e2640/bltb40b78a5637172e8/5c1aae187b03c12037a550a0/social_instagram.svg,API|Static
Endpoint,//www.youtube.com/channel/UCEBkvusj7kd8QSpyz0bl4nA,
Endpoint,//images.contentstack.io/v3/assets/blt9ccc5b591c9e2640/blt831b16ee3bbf2e92/5c1aae188e31b46437f3b920/social_youtube.svg,API|Static
Endpoint,/footer,
Endpoint,/_astro/default.astro_astro_type_script_index_2_lang.Cgfv-bxd.js,
Endpoint,/.netlify/scripts/rum,
Endpoint,/body,
Endpoint,/html,
Endpoint,/.test,
Endpoint,/consent/,
Endpoint,/json,
Endpoint,/consent,
Endpoint,/scripttemplates/,
Endpoint,/scripttemplates/new/scripttemplates/,
Endpoint,/scripttemplates/old/scripttemplates/,
Endpoint,/scripttemplates/old/scripttemplates/5.11.0/,
Endpoint,/sri-hashes.json,
Endpoint,/plain,
Endpoint,//sync.1rx.io/usersync/simplifi/C9476CFF3CE74204942DFFCA7606CCBF,
Endpoint,//investor.trinet.com/news/news-details/2021/Renowned-Brain-Coach-Jim-Kwik-Joins-Roster-of-Innovative-Thought-Leaders-Appearing-at-TriNet-PeopleForce/default.aspx,
Endpoint,//investor.trinet.com/events-and-presentations/event-details/2018/JP-Morgan-Ultimate-Services-Investor-Conference-November2018/default.aspx,
Endpoint,//investor.trinet.com/news/news-details/2023/TriNet-Group-Inc.-Announces-Preliminary-Results-of-its-Fixed-Price-Tender-Offer/default.aspx#maincontent,
Endpoint,//investor.trinet.com/news/news-details/2022/TriNet-President-and-Chief-Executive-Officer-Burton-M.-Goldfield-to-Reveal-Current-State-of-Small-and-Medium-Size-Businesses-at-TriNet-PeopleForce-2022/default.aspx,
Endpoint,//sync.targeting.unrulymedia.com/csync/RX-57bac384-14ab-4180-8129-f69a749c4e21-003,
Endpoint,//investor.trinet.com/news/news-details/2022/TriNet-Announces-Two-Key-Executive-Appointments/default.aspx,
Endpoint,//investor.trinet.com/news/news-details/2019/TriNet-Announces-Third-Quarter-2019-Results/default.aspx,
Endpoint,//investor.trinet.com/news/news-details/2016/TriNet-Insights-Presents-ACA-Over-Drinks-in-Austin/default.aspx#maincontent,
Endpoint,//investor.trinet.com/news/2018/default.aspx,
Endpoint,//sync.targeting.unrulymedia.com/csync/RX-19ce5128-94ca-4056-8be7-204e59a0e821-003,
Endpoint,//investor.trinet.com/news/news-details/2016/TriNet-Insights-Presents-ACA-Over-Drinks-in-New-York-City/default.aspx,
Endpoint,//investor.trinet.com/news/news-details/2014/TriNet-to-Participate-at-the-JP-Morgan-Global-Technology-Media-and-Telecom-Conference/default.aspx#maincontent,
Endpoint,//investor.trinet.com/news/2015/default.aspx#http,
Endpoint,//investor.trinet.com/news/2019/default.aspx,
Endpoint,//sync.targeting.unrulymedia.com/csync/RX-123e6361-1cf4-468f-8736-bc67d1d43b70-003,
Endpoint,//sync.1rx.io/usersync/simplifi/155EA2295189475F979CE9ABAACE02C9,
Endpoint,//pbid.pro-market.net/engine,
Endpoint,//sync.targeting.unrulymedia.com/csync/RX-3e923c33-4365-4fb3-8a5f-b335d72df881-003,
Endpoint,//investor.trinet.com/news/news-details/2022/TriNet-Webinar-California-Employment-Law-Challenges-to-Keep-Top-of-Mind-and-Whats-New-in-2022-35ead5c19/default.aspx#maincontent,
Endpoint,//investor.trinet.com/news/news-details/2022/TriNet-to-Participate-at-the-Baird-2022-Global-Consumer-Technology--Services-Conference/default.aspx#maincontent,
Endpoint,//investor.trinet.com/news/news-details/2016/TriNet-Announces-Third-Quarter-Fiscal-2016-Results/default.aspx#maincontent,
Endpoint,//sync.1rx.io/usersync/simplifi/2E6DAF7FB6A34A4491E190938ED7F606,
Endpoint,//investor.trinet.com/news/2017/default.aspx#maincontent,
Endpoint,//investor.trinet.com/events-and-presentations/event-details/2021/Bank-of-America-Securities-Leveraged-Finance-Conference/default.aspx#maincontent,
Endpoint,//sync.targeting.unrulymedia.com/csync/RX-b1ef5661-1645-4671-98df-16095179d39d-003,
Endpoint,//sync.1rx.io/usersync/simplifi/82D4C0AD1D3E4080AC2BA935BFD894A5,
Endpoint,//investor.trinet.com/news/news-details/2022/TriNet-Announces-Acquisition-of-Clarus-RD-Solutions-LLC/default.aspx,
Endpoint,//sync.1rx.io/usersync/simplifi/2C85BF31E1C44061BB9D6485C882D8A9,
Endpoint,//investor.trinet.com/news/2016/default.aspx#http,
Endpoint,//investor.trinet.com/news/2020/default.aspx,
Endpoint,//investor.trinet.com/news/news-details/2016/TriNet-Acquires-Teleborder-Expands-Services-for-Companies-Hiring-International-Employees/default.aspx,
Endpoint,//sync.targeting.unrulymedia.com/csync/RX-e561b074-fa00-4165-b5d7-b860120c52d8-003,
Endpoint,//sync.targeting.unrulymedia.com/csync/RX-c700225d-f40d-4e71-9bbd-edb67cffe011-003,
Endpoint,//sync.targeting.unrulymedia.com/csync/RX-f1a7d293-450f-4b71-9636-23c3eda6b678-003,
Endpoint,//sync.targeting.unrulymedia.com/csync/RX-92904689-40ee-454a-b225-58c6a152631c-003,
Endpoint,//investor.trinet.com/events-and-presentations/event-details/2022/TriNet-Second-Quarter-2022-Financial-Results/default.aspx,
Endpoint,//sync.targeting.unrulymedia.com/csync/RX-6265e664-a35f-427b-8a3a-ffba718c105e-003,
Endpoint,//investor.trinet.com/news/news-details/2022/TriNet-Adds-Ring-Chief-Inventor-and-Founder-Jamie-Siminoff-WeWork-CEO-and-Chairman-Sandeep-Mathrani-and-Van-Leeuwen-Ice-Cream-Co-founder-and-CEO-Ben-Van-Leeuwen-to-Roster-of-Distinguished-Speakers-at-TriNet-PeopleForce-2022/default.aspx,
Endpoint,//sync.targeting.unrulymedia.com/csync/RX-32e14d86-39c5-4bec-ba96-176a44706819-003,
Endpoint,//investor.trinet.com/news/news-details/2020/SMB-Resiliency-Underscored-in-New-TriNet-Advertising-Campaign/default.aspx#maincontent,
Endpoint,//sync.targeting.unrulymedia.com/csync/RX-8959075e-bcc4-4bb3-ae57-3339c47a2c92-003,
Endpoint,//investor.trinet.com/news/news-details/2014/Retail-Sector-Forecasted-to-Add-Nearly-30000-Jobs-by-End-of-2014/default.aspx#maincontent,
Endpoint,//sync.1rx.io/usersync/simplifi/725C89060A4D4662A2DE0E4CDCA1D381,
Endpoint,//d2genwge1af44w.cloudfront.net/assets/moments-5b4c9b97c9fb7b2048001188878059f506f2bfd3.js,
Endpoint,//sync.1rx.io/usersync/simplifi/ED2A378B15EE442E84186129561B3B7B,
Endpoint,//investor.trinet.com/news/news-details/2021/TriNet-to-Report-First-Quarter-2021-Financial-Results-on-April-26/default.aspx#maincontent,
Endpoint,//player.vimeo.com/video/833413729,
Endpoint,//sync.targeting.unrulymedia.com/csync/RX-dc051a03-6f91-4289-a92c-ee7763f1d9e3-003,
Endpoint,//investor.trinet.com/events-and-presentations/event-details/2022/TriNet-Third-Quarter-2022-Financial-Results/default.aspx,
Endpoint,//sync.1rx.io/usersync/simplifi/144CADBDAC144C60B8651A8E2E8BACDE,
Endpoint,//sync.1rx.io/usersync/simplifi/A71CBBBBF1884F74BAB73D1B83CE3B55,
Endpoint,//investor.trinet.com/events-and-presentations/event-details/2023/TriNet-First-Quarter-2023-Financial-Results/default.aspx,
Endpoint,//sync.targeting.unrulymedia.com/csync/RX-ff18af97-9bb6-4277-a706-ea3e65e89ceb-003,
Endpoint,//sync.targeting.unrulymedia.com/csync/RX-f5db6bbe-dc76-4b1d-b8b0-500a39a4b8f4-003,
Endpoint,//investor.trinet.com/news/news-details/2022/TriNet-to-Report-Third-Quarter-2022-Financial-Results-on-October-25/default.aspx,
Endpoint,//dev.visualwebsiteoptimizer.com/settings.js,
Endpoint,//investor.trinet.com/news/news-details/2022/TriNet-Group-Inc.-Commences-a-Modified-Dutch-Auction-Tender-Offer-to-Repurchase-up-to-250-Million-of-its-Common-Stock/default.aspx,
Endpoint,//investor.trinet.com/news/2020/default.aspx#http,
Endpoint,//investor.trinet.com/news/2013/default.aspx,
Endpoint,//investor.trinet.com/events-and-presentations/event-details/2023/The-Bank-of-America-Securities-Leveraged-Finance-Conference-2023-XtExOYmTma/default.aspx,
Endpoint,//investor.trinet.com/events-and-presentations/event-details/2019/JP-Morgan-Ultimate-Services-Investor-Conference/default.aspx,
Endpoint,//sync.1rx.io/usersync/simplifi/54FF5663005C4D3989170695D6EA8BEE,
Endpoint,//investor.trinet.com/news/news-details/2023/TriNet-Introduces-New-Personalized-Benefits-Experience-Through-Collaboration-with-Healthee/default.aspx#maincontent,
Endpoint,//sync.1rx.io/usersync/simplifi/C49F4202CBD940759C09F8F7D462D62A,
Endpoint,//sync.targeting.unrulymedia.com/csync/RX-94599860-8575-4811-95c4-8d317f205f72-003,
Endpoint,//investor.trinet.com/news/2015/default.aspx,
Endpoint,//sync.1rx.io/usersync/simplifi/4EB02C104774434893B75080F7613EA9,
Endpoint,//sync.targeting.unrulymedia.com/csync/RX-3199639e-5b72-4a7f-8ba1-56af72f44dc4-003,
Endpoint,//sync.1rx.io/usersync/simplifi/C248F19B65E242269981B3F99535701A,
Endpoint,//sync.1rx.io/usersync/simplifi/ECABBF2FBCE64605B1547F3A6475329D,
Endpoint,//sync.1rx.io/usersync/simplifi/B259D5E8EBB9490694DB9A0D0B5D82BE,
Endpoint,//sync.1rx.io/usersync/simplifi/936F56CD79FF41758D6B52C6283DBA93,
Endpoint,//investor.trinet.com/news/news-details/2020/TriNet-Appoints-Maria-Contreras-Sweet-Former-Head-of-U.S.-Small-Business-Administration-to-its-Board-of-Directors/default.aspx,
Endpoint,//sync.targeting.unrulymedia.com/csync/RX-e6ce9b08-7d1d-432f-8867-d2b4534e5437-003,
Endpoint,//sync.targeting.unrulymedia.com/csync/RX-e1cc8155-c1da-4262-b78e-49ad626c3c3c-003,
Endpoint,//sync.bfmio.com/sync,
Endpoint,//sync.1rx.io/usersync/simplifi/CB35290C3A39484ABCCB96C9585420B8,
Endpoint,//login.bizzabo.com/attendee/iframe,Auth
Endpoint,//ib.adnxs.com/setuid,
Endpoint,//investor.trinet.com/news/2019/default.aspx#http,
Endpoint,//investor.trinet.com/news/2022/default.aspx,
Endpoint,//investor.trinet.com/news/news-details/2023/TriNet-to-Report-Third-Quarter-2023-Financial-Results-on-October-25/default.aspx,
Endpoint,//sync.1rx.io/usersync/simplifi/6FDF28C93733459CB15DAAEFA5D5380C,
Endpoint,//sync.1rx.io/usersync/simplifi/C4A8693D72AB4FDD9157E1D19D8DD387,
Endpoint,//investor.trinet.com/news/news-details/2016/TriNet-Announces-Delay-to-Annual-Report-on-Form-10-K/default.aspx#maincontent,
Endpoint,//sync.1rx.io/usersync/simplifi/BD5BDD7F64D740288579A20535EFDB9E,
Endpoint,//sync.1rx.io/usersync/simplifi/B227D3F12E9F490781051139A537D7C6,
Endpoint,//investor.trinet.com/news/news-details/2015/TriNet-to-Report-Second-Quarter-2015-Financial-Results-on-August-3/default.aspx,
Endpoint,//sync.targeting.unrulymedia.com/csync/RX-55c49412-4407-4e4e-ad62-eda90ffa9d3b-003,
Endpoint,//sync.1rx.io/usersync/simplifi/C52D7A7CEAAD4715A9E29638956A8008,
Endpoint,//investor.trinet.com/news/news-details/2020/MEDIA-ALERT-TriNet-to-Host-Webinar-on-What-the-New-COVID-19-Stimulus-Package-Means-for-Small-and-Medium-Size-Businesses/default.aspx,
Endpoint,//investor.trinet.com/news/news-details/2017/TriNet-Presents-Juggle-the-Struggle-in-Irvine/default.aspx#maincontent,
Endpoint,//sync.1rx.io/usersync/simplifi/521F82A803304789B0D75AE1B1AE6910,
Endpoint,//investor.trinet.com/news/news-details/2021/TriNet-Webinar-Series-Working-in-the-New-Normal---Part-3-Answering-Common-Questions-on-Common-Wage-and-Hour-Issues-in-California/default.aspx,
Endpoint,//investor.trinet.com/news/2024/default.aspx,
Endpoint,//sync.1rx.io/usersync/simplifi/96EA6B4DCB944BE7AB35EE56233DEEE5,
Endpoint,//investor.trinet.com/news/news-details/2015/Employment-Index-Shows-Significant-Growth-Over-the-Previous-Year-Massachusetts-Shows-Greatest-Employment-Rate-Improvement-for-the-Second-Month-in-a-Row/default.aspx,
Endpoint,//investor.trinet.com/news/news-details/2015/TriNet-Joins-BDO-Alliance-USA/default.aspx,
Endpoint,//investor.trinet.com/news/news-details/2018/TriNet-to-Report-First-Quarter-2018-Financial-Results-on-April-30/default.aspx,
Endpoint,//tribl.io/h.js,
Endpoint,//investor.trinet.com/events-and-presentations/event-details/2018/TriNet-First-Quarter-2018-Financial-Results/default.aspx,
Endpoint,//investor.trinet.com/news/news-details/2015/TriNet-to-Participate-at-the-William-Blair--Co-Growth-Stock-Conference/default.aspx#maincontent,
Endpoint,//sync.1rx.io/usersync/simplifi/296A30E4AF514510A41209329944CE18,
Endpoint,//sync.targeting.unrulymedia.com/csync/RX-18fa390f-279a-49a3-857e-cbf5a3fc136f-003,
Endpoint,//sync.1rx.io/usersync/simplifi/EB7F298ACDEA4E2A91086455E7E1435F,
Endpoint,//investor.trinet.com/news/2016/default.aspx,
Endpoint,//sync.targeting.unrulymedia.com/csync/RX-1d6cc3b7-4469-4a70-b8cc-6df08db46cd9-003,
Endpoint,//investor.trinet.com/events-and-presentations/event-details/2019/JP-Morgan-Ultimate-Services-Investor-Conference/default.aspx#maincontent,
Endpoint,//sync.1rx.io/usersync/simplifi/770ECE21926A49D6BFC31B4100F87889,
Endpoint,//investor.trinet.com/news/news-details/2018/TriNet-Reports-Fourth-Quarter--Fiscal-Year-2017-Results/default.aspx#maincontent,
Endpoint,//sync.1rx.io/usersync/simplifi/AA5C4CF300604922863498C7A5857F72,
Endpoint,//sync.1rx.io/usersync/simplifi/8BD31846B675464584047D35990BF11A,
Endpoint,//investor.trinet.com/news/news-details/2022/TriNet-Adds-Additional-Innovative-Business-Leaders-to-Roster-of-Esteemed-Speakers-at-TriNet-PeopleForce-2022/default.aspx#maincontent,
Endpoint,//investor.trinet.com/news/news-details/2020/Prominent-News-Anchors-and-Medical-Industry-Leaders-Added-to-Roster-for-TriNet-PeopleForce/default.aspx#maincontent,
Endpoint,//sync.1rx.io/usersync/simplifi/08C00DCD013647AEBD936E257D70092B,
Endpoint,//investor.trinet.com/news/news-details/2017/Survey-finds-76-Percent-of-Small-Businesses-Believe-Immigration-Reform-Could-Negatively-Impact-their-Business/default.aspx,
Endpoint,//investor.trinet.com/news/news-details/2023/TriNet-Wins-Four-Stevie-Awards-for-TriNet-PeopleForce-2022/default.aspx#maincontent,
Endpoint,//investor.trinet.com/news/news-details/2023/TriNet-to-Report-Second-Quarter-2023-Financial-Results-on-July-26/default.aspx,
Endpoint,//sync.targeting.unrulymedia.com/csync/RX-de9bfca9-561b-4463-ad4a-aa9cfcb49090-003,
Endpoint,//investor.trinet.com/news/news-details/2023/TriNet-President-and-Chief-Executive-Officer-Burton-M.-Goldfield-to-Discuss-Current-State-of-Small-and-Medium-Size-Businesses-at-TriNet-PeopleForce-2023/default.aspx,
Endpoint,//investor.trinet.com/news/news-details/2017/92-Percent-of-Small-and-Midsize-Business-Owners-Believe-President-Trump-Needs-to-do-More-to-Help-Them-Succeed/default.aspx#maincontent,
Endpoint,//investor.trinet.com/news/news-details/2014/National-Association-for-Business-Resources-Recognizes-TriNet-as-Bay-Areas-Best-and-Brightest-Elite-Company/default.aspx#maincontent,
Endpoint,//sync.targeting.unrulymedia.com/csync/RX-74bf3963-b77a-40b6-a7fd-6c5c6b814cbe-003,
Endpoint,//connect.facebook.net/signals/config/367448854134974,
Endpoint,//investor.trinet.com/news/news-details/2019/TriNet-Launches-Phase-II-of-Its-People-Matter-Campaign-Celebrating-the-Diverse-Small-and-Medium-Size-Businesses-That-Drive-the-US-Economy/default.aspx#maincontent,
Endpoint,//investor.trinet.com/news/news-details/2022/TriNet-to-Report-Second-Quarter-2022-Financial-Results-on-July-26/default.aspx,
Endpoint,//investor.trinet.com/news/news-details/2021/TriNet-to-Host-Webinar-on-the-Importance-of-Data-Privacy-for-Small-and-Medium-Size-Businesses/default.aspx,
Endpoint,//investor.trinet.com/news/news-details/2017/TriNet-Presents-Juggle-the-Struggle-in-Los-Angeles/default.aspx#maincontent,
Endpoint,//investor.trinet.com/news/news-details/2022/TriNet-Releases-2022-Environmental-Social-and-Governance-Report/default.aspx#maincontent,
Endpoint,//sync.1rx.io/usersync/simplifi/FB1D7DC2F8CC4A7CAFE3C6C8C5546F6F,
Endpoint,//investor.trinet.com/events-and-presentations/event-details/2022/TriNet-Fourth-Quarter-2021-Financial-Results/default.aspx#maincontent,
Endpoint,//cm.g.doubleclick.net/pixel,
Endpoint,//investor.trinet.com/news/news-details/2017/TriNet-Appoints-Catherine-M-Wragg-as-Senior-Vice-President-of-Human-Resources/default.aspx#maincontent,
Endpoint,//player.vimeo.com/video/863758571,
Endpoint,//investor.trinet.com/news/news-details/2016/TriNet-Survey-Reveals-Surprising-Details-About-PTO-Benefits-for-US-Employees/default.aspx,
Endpoint,//sync.targeting.unrulymedia.com/csync/RX-8deddce9-f471-46c4-b18c-c523dc345cda-003,
Endpoint,//investor.trinet.com/news/2023/default.aspx#http,
Endpoint,//investor.trinet.com/news/2017/default.aspx,
Endpoint,//investor.trinet.com/news/news-details/2020/Former-U.S.-President-a-Distinguished-Roster-of-Medical-Experts-and-Respected-Business-Leaders-Among-the-Prominent-Speakers-to-Join-TriNet-PeopleForce-October-20-22/default.aspx#maincontent,
Endpoint,//sync.targeting.unrulymedia.com/csync/RX-9c9da971-df80-4ba0-b4aa-10e4926a2a6b-003,
Endpoint,//investor.trinet.com/news/news-details/2015/TriNet-Inspire-Insights-Presents-Find-and-Fix-7-Common-Pitfalls-in-Biotech-Startups/default.aspx#maincontent,
Endpoint,//investor.trinet.com/events-and-presentations/event-details/2014/TriNet-Second-Quarter-2014-Financial-Results/default.aspx#maincontent,
Endpoint,//sync.targeting.unrulymedia.com/csync/RX-6d5b7db9-2dbe-4e17-aa25-ed780c7c119c-003,
Endpoint,//sync.1rx.io/usersync/simplifi/42E33B8AEF8E4D1BA93738C87CB97C18,
Endpoint,//investor.trinet.com/news/2021/default.aspx#maincontent,
Endpoint,//investor.trinet.com/news/news-details/2021/TriNet-Launches-2nd-Annual-TriNet-PeopleForce-A-Virtual-and-In-Person-Conference-Focused-on-Business-Transformation-Agility-and-Innovation-for-Small-and-Medium-Size-Businesses/default.aspx,
Endpoint,//investor.trinet.com/news/news-details/2020/TriNet-Announces-Second-Quarter-2020-Results-and-the-Acquisition-of-Little-Bird-HR/default.aspx#maincontent,
Endpoint,//investor.trinet.com/events-and-presentations/event-details/2019/TriNet-Fouth-Quarter-2018-Financial-Results/default.aspx#maincontent,
Endpoint,//sync.targeting.unrulymedia.com/csync/RX-9f01c45f-b86f-45b7-a36f-e70f6c16977c-003,
Endpoint,//sync.1rx.io/usersync/simplifi/9D1B446B39C147DEBCB4EC12B1B6FC17,
Endpoint,//sync.1rx.io/usersync/simplifi/7D41524A2B8A41A9B5F0720069D1287F,
Endpoint,//investor.trinet.com/news/news-details/2017/TriNet-Presents-Juggle-the-Struggle-in-Boston/default.aspx#maincontent,
Endpoint,//player.vimeo.com/video/485736852,
Endpoint,//investor.trinet.com/news/2024/default.aspx#http,
Endpoint,//investor.trinet.com/investor-relations/default.aspx#section,
Endpoint,//investor.trinet.com/news/news-details/2022/TriNet-Announces-Harvard-Business-Review-Analytic-Services-Webinar-Thursday-June-16-How-to-Make-Your-Business-More-Resilient/default.aspx,
Endpoint,//sync.targeting.unrulymedia.com/csync/RX-ee192424-18be-4764-bad0-74f01574f4a4-003,
Endpoint,//investor.trinet.com/news/2013/default.aspx#http,
Endpoint,//sync.1rx.io/usersync/simplifi/46C0290D89754746BF820D7A7B627363,
Endpoint,//sync.1rx.io/usersync/simplifi/9DA6A3868BA64C4CA68A2A7F859C9F28,
Endpoint,//investor.trinet.com/news/news-details/2020/TriNet-Announces-Appointment-of-Shawn-Guertin-to-Board-of-Directors/default.aspx,
Endpoint,//investor.trinet.com/news/news-details/2015/Louisiana-Has-the-Hardest-Working-Population-in-the-US-While-Nevada-Workers-Rank-Among-Lowest-for-Weekday-Work-Hours-and-Among-Highest-for-Weekend-Work-Hours/default.aspx,
Endpoint,//investor.trinet.com/events-and-presentations/event-details/2021/TriNet-Fourth-Quarter-2020-Financial-Results/default.aspx,
Endpoint,//investor.trinet.com/news/news-details/2023/Tony-Award-Winner-Myles-Frost-Country-Music-Artist-Lauren-Davidson-and-South-Africas-Mzansi-Youth-Choir-to-Perform-at-TriNet-PeopleForce-2023/default.aspx#maincontent,
Endpoint,//investor.trinet.com/events-and-presentations/event-details/2023/TD-Cowen-51st-Annual-Technology-Media--Telecom-Conference-2023-itJtxyj2VT/default.aspx#maincontent,
Endpoint,//www.youtube.com/embed/Nv8CEkgdBqo,
Endpoint,//sync.targeting.unrulymedia.com/csync/RX-40eb7031-2693-44b2-b044-237b6cf4e7b5-003,
Endpoint,//investor.trinet.com/news/2014/default.aspx,
Endpoint,//investor.trinet.com/events-and-presentations/event-details/2019/TriNet-Second-Quarter-2019-Financial-Results/default.aspx#maincontent,
Endpoint,//sync.targeting.unrulymedia.com/csync/RX-c33b72b8-d6b6-4d8b-b4f2-8097a68c1cb3-003,
Endpoint,//player.vimeo.com/video/838460557,
Endpoint,//investor.trinet.com/news/news-details/2016/TriNet-Announces-Second-Quarter-Fiscal-2016-Results-and-Senior-Secured-Credit-Facility-Refinancing/default.aspx,
Endpoint,//investor.trinet.com/events-and-presentations/event-details/2021/Stifel-2021-Virtual-Cross-Sector-Insight-Conference/default.aspx#maincontent,
Endpoint,//dev.visualwebsiteoptimizer.com/web/djIkYTo0LjA6bm9qcXVlcnksdHI6Ny4w/tag-461d8e92f1343c6807e35b6821d956e0.js,
Endpoint,//sync.targeting.unrulymedia.com/csync/RX-f1a379a4-7205-4d14-b889-3f465e05c0ce-003,
Endpoint,//investor.trinet.com/events-and-presentations/event-details/2024/Investor-Presentation-Q4/default.aspx,
Endpoint,//investor.trinet.com/events-and-presentations/event-details/2023/Baird-2023-Global-Consumer-Technology--Services-Conference-2023-P4XcElR4za/default.aspx#maincontent,
Endpoint,//investor.trinet.com/events-and-presentations/event-details/2016/TriNet-Fourth-Quarter-2015-Financial-Results/default.aspx#maincontent,
Endpoint,//investor.trinet.com/news/news-details/2020/TriNet-to-Report-First-Quarter-2020-Financial-Results-on-April-28/default.aspx#maincontent,
Endpoint,//sync.targeting.unrulymedia.com/csync/RX-eb803a3e-6e96-4ce7-bbef-281171e9bdc1-003,
Endpoint,//sync.1rx.io/usersync/simplifi/16AF17C786B4469491D69602D8896AE0,
Endpoint,//dev.visualwebsiteoptimizer.com/web/djIkdGU6Ny4wOmFzeW5jJWdxdWVyeQ,
Endpoint,/tag-d355d98014f63c42150049c53a3d5812.js,
Endpoint,//sync.targeting.unrulymedia.com/csync/RX-bc0733dd-cd05-433e-a91d-e11c1bd29989-003,
Endpoint,//investor.trinet.com/news/2018/default.aspx#http,
Endpoint,//investor.trinet.com/news/news-details/2016/TriNet-Insights-Presents-ACA-Over-Lunch-in-New-Jersey/default.aspx,
Endpoint,//investor.trinet.com/events-and-presentations/event-details/2017/JP-Morgan-2017-Ultimate-Services-Investor-Conference/default.aspx,
Endpoint,//sync.1rx.io/usersync/simplifi/3C7E5D069E9C49C7B19526B067A78C6F,
Endpoint,//investor.trinet.com/news/news-details/2023/TriNet-Releases-2023-Environmental-Social-and-Governance-Report/default.aspx#maincontent,
Endpoint,//investor.trinet.com/news/news-details/2019/TriNet-Launches-Phase-II-of-Its-People-Matter-Campaign-Celebrating-the-Diverse-Small-and-Medium-Size-Businesses-That-Drive-the-US-Economy/default.aspx,
Endpoint,//investor.trinet.com/news/news-details/2017/TriNet-Launches-New-Product-to-Address-the-HR-Needs-of-Americas-Main-Street-Businesses/default.aspx#maincontent,
Endpoint,//investor.trinet.com/news/news-details/2014/TriNet-Announces-Stock-Repurchase-Program/default.aspx,
Endpoint,//sync.1rx.io/usersync/simplifi/0FCE36B362B5422EB26E812AC4A76308,
Endpoint,//investor.trinet.com/news/news-details/2022/TriNet-to-Report-Third-Quarter-2022-Financial-Results-on-October-25/default.aspx#maincontent,
Endpoint,//investor.trinet.com/news/news-details/2015/National-Association-for-Business-Resources-Names-TriNet-One-of-the-Best-and-Brightest-Companies-to-Work-For-in-the-US/default.aspx,
Endpoint,//investor.trinet.com/news/news-details/2020/SMB-Resiliency-Underscored-in-New-TriNet-Advertising-Campaign/default.aspx,
Endpoint,//investor.trinet.com/news/news-details/2019/TriNet-to-Present-at-the-William-Blair-39th-Annual-Growth-Stock-Conference/default.aspx#maincontent,
Endpoint,//sync.1rx.io/usersync/simplifi/91A9C83706524C6BB453078CE94A1342,
Endpoint,//investor.trinet.com/news/news-details/2021/Michelle-Obama-Added-to-TriNet-PeopleForce-Roster-of-Esteemed-Speakers/default.aspx#maincontent,
Endpoint,//sync.targeting.unrulymedia.com/csync/RX-b5731548-db43-4df4-8bfd-18eb1916f883-003,
Endpoint,//sync.targeting.unrulymedia.com/csync/RX-10dc2e42-3f7b-47a9-8252-fb511aa5f831-003,
Endpoint,//investor.trinet.com/news/news-details/2023/TriNet-to-Report-Third-Quarter-2023-Financial-Results-on-October-25/default.aspx#maincontent,
Endpoint,//sync.1rx.io/usersync/simplifi/8BEEB2E636B6409C878DEBB1C42B73C7,
Endpoint,//investor.trinet.com/news/news-details/2021/TriNet-Announces-Premier-HR-Solution-to-Meet-the-Needs-of-Financial-Services-Firms/default.aspx#maincontent,
Endpoint,//investor.trinet.com/news/news-details/2014/TriNet-CEO-Burton-Goldfield-to-Speak-at-Galvanize/default.aspx#maincontent,
Endpoint,//sync.1rx.io/usersync/simplifi/5328DCAE50F34183B5697339DD2E0F0E,
Endpoint,//investor.trinet.com/news/news-details/2016/TriNet-Insights-Presents-ACA-Over-Drinks/default.aspx#maincontent,
Endpoint,//sync.targeting.unrulymedia.com/csync/RX-3fe7f703-af4d-47ee-babe-d7edd7e9c650-003,
Endpoint,//investor.trinet.com/news/news-details/2014/TriNet-Announces-Commencement-of-Secondary-Offering/default.aspx#maincontent,
Endpoint,//investor.trinet.com/news/news-details/2022/TRINET-LAUNCHING-TRINET-PEOPLEFORCEX-THIS-WEEK-IN-BOSTON/default.aspx#maincontent,
Endpoint,//investor.trinet.com/news/news-details/2021/TriNet-Webinar-What-is-in-the-American-Rescue-Plan-Act-of-2021-and-What-it-Means-for-Your-Business/default.aspx#maincontent,
Endpoint,//investor.trinet.com/news/2021/default.aspx,
Endpoint,//investor.trinet.com/news/news-details/2021/TriNet-Names-Veteran-Technology-Sales-Executive-Jonathan-LeCompte-as-Senior-Vice-President-and-Chief-Sales-Officer/default.aspx,
Endpoint,//sync.targeting.unrulymedia.com/csync/RX-69b95231-595e-43ec-bf42-9687625419ef-003,
Endpoint,//sync.1rx.io/usersync/simplifi/B4A9278DDF62401896D3380DCD64AF09,
Endpoint,//sync.targeting.unrulymedia.com/csync/RX-1db1e9cf-285d-4270-b406-4211dae38438-003,
Endpoint,//investor.trinet.com/news/news-details/2020/TriNet--Harris-Poll-Webinar-Industry-Wide-Pulse-Survey-Results---The-State-of-Small-and-Medium-Size-Business-During-COVID-19/default.aspx,
Endpoint,//investor.trinet.com/events-and-presentations/event-details/2023/TD-Cowen-Inaugural-Human-Capital-Management-Summit-2023-WOKRvTw8pE/default.aspx#maincontent,
Endpoint,//d2genwge1af44w.cloudfront.net/assets/moments-73aa7f51dc2841f04d480cd2982f0a85d16e733b.js,
Endpoint,//investor.trinet.com/news/2016/default.aspx#maincontent,
Endpoint,//investor.trinet.com/events-and-presentations/event-details/2016/TriNet-Fourth-Quarter-2015-Financial-Results/default.aspx,
Endpoint,//sync.targeting.unrulymedia.com/csync/RX-47d7b72d-d41e-4511-b474-5722ab2da92f-003,
Endpoint,//sync.1rx.io/usersync/simplifi/8120C1533C734784A28773FFAB8E8F54,
Endpoint,//investor.trinet.com/news/news-details/2021/Admiral-William-H.-McRaven-Joins-TriNet-PeopleForce-Roster-of-Distinguished-Speakers/default.aspx,
Endpoint,//investor.trinet.com/news/news-details/2022/TriNet-Group-Inc.-Commences-a-Modified-Dutch-Auction-Tender-Offer-to-Repurchase-up-to-250-Million-of-its-Common-Stock/default.aspx#maincontent,
Endpoint,//investor.trinet.com/news/news-details/2020/TriNets-COVID-19-Resource-Center-Earns-a-Silver-Stevie-Award-for-Most-Valuable-Corporate-Response/default.aspx#maincontent,
Endpoint,//sync.1rx.io/usersync/simplifi/147C5ACB87E9450FA762119C3C980AF3,
Endpoint,//player.vimeo.com/video/776310973,
Endpoint,//investor.trinet.com/news/news-details/2022/TRINET-ADDS-FORMER-PEPSICO-CHAIRMAN-AND-CEO-INDRA-NOOYI-GLOBAL-SUPERSTAR-AND-ENTERTAINER-LILLY-SINGH-EDITOR-AND-AUTHOR-TINA-BROWN-AND-FORMER-NASA-ASTRONAUT-MIKE-MASSIMINO-TO-ROSTER-OF-DISTINGUISHED-SPEAKERS-FOR-TRINET-PEOPLEFORCE-2022/default.aspx,
Endpoint,//investor.trinet.com/news/news-details/2018/Idahos-Small-and-Midsize-Businesses-Gain-Access-to-Industry-Leading-HR-Solutions-as-TriNet-Expands-into-Boise/default.aspx#maincontent,
Endpoint,//sync.targeting.unrulymedia.com/csync/RX-5ec4bfb6-f235-416c-8257-53abb0153fb1-003,
Endpoint,//investor.trinet.com/news/news-details/2017/TriNet-Presents-Juggle-the-Struggle-in-Boston/default.aspx,
Endpoint,//sync.targeting.unrulymedia.com/csync/RX-50f394ed-adbd-448a-86a8-d1355cd1741d-003,
Endpoint,//investor.trinet.com/news/news-details/2022/TriNet-Announces-Record-Fourth-Quarter-Fiscal-Year-2021-Results-and-an-Increase-to-the-Stock-Repurchase-Program/default.aspx#maincontent,
Endpoint,//sync.1rx.io/usersync/simplifi/999F5E678A014204B8B4EA15C023DA76,
Endpoint,//investor.trinet.com/news/news-details/2017/TriNet-to-Participate-at-the-JP-Morgan-2017-Global-Technology-Media--Telecom-Conference/default.aspx#maincontent,
Endpoint,//investor.trinet.com/news/news-details/2016/TriNet-Launches-New-Product-to-Address-the-HR-Needs-of-Financial-Services-SMBs/default.aspx#maincontent,
Endpoint,//investor.trinet.com/news/news-details/2016/TriNet-Insights-Presents-Seven-Deadly-Sins-of-Life-Sciences-Entrepreneurship/default.aspx,
Endpoint,//tribl.io/none,
Endpoint,//sync.targeting.unrulymedia.com/csync/RX-4b477b51-3a2a-4223-b772-95bfa821b57d-003,
Endpoint,//sync.targeting.unrulymedia.com/csync/RX-d74dbce2-ca1b-4903-b55f-99982352bc9f-003,
Endpoint,//sync.1rx.io/usersync/simplifi/DB76CF7F92E6439884212855B97B7C51,
Endpoint,//sync.targeting.unrulymedia.com/csync/RX-8f4a0f2f-bc71-49d2-8229-3660f9f78775-003,
Endpoint,//sync.targeting.unrulymedia.com/csync/RX-e471e3c1-2cf6-4253-9dfc-369a60d2858f-003,
Endpoint,//fei.pro-market.net/engine,
Endpoint,//sync.targeting.unrulymedia.com/csync/RX-c692302f-2381-4998-b6ea-8bbf3092e790-003,
Endpoint,//sync.targeting.unrulymedia.com/csync/RX-dd22f1b5-9ccf-421d-8fc9-6cf1e7791d02-003,
Endpoint,//sync.1rx.io/usersync/simplifi/94865A97370E400795ACA68BCE73C992,
Endpoint,//sync.1rx.io/usersync/simplifi/C2C9F77925584CEF9F4CA63ACB6AA412,
Endpoint,//sync.1rx.io/usersync/simplifi/B11C027EA5A44EF69AC4AA7337BF7791,
Endpoint,//sync.targeting.unrulymedia.com/csync/RX-572da3ee-cacc-40a3-9fb2-0229cb612fde-003,
Endpoint,//sync.targeting.unrulymedia.com/csync/RX-40de1802-c553-4449-af31-d61ae13d2331-003,
Endpoint,//sync.1rx.io/usersync/simplifi/30AA9FE802B544BD80797ECB5AEA3B3E,
Endpoint,//sync.targeting.unrulymedia.com/csync/RX-f300558f-646f-4c07-95bd-fcc86e311c60-003,
Endpoint,//sync.1rx.io/usersync/simplifi/AEF30722CC38456EA20A36F90389F253,
Endpoint,//investor.trinet.com/news/2020/default.aspx#maincontent,
Endpoint,//sync.1rx.io/usersync/simplifi/E0284F7813CE44449DD5546065B6F583,
Endpoint,//sync.1rx.io/usersync/simplifi/54F2DBFC1861442C863EFCEEFF5ABF5D,
Endpoint,//investor.trinet.com/news/news-details/2021/Leading-Experts-in-Workforce-Innovation-and-Strategy-Erica-Dhawan-and-Seth-Mattison-Join-TriNet-PeopleForce-Roster-of-Distinguished-Speakers/default.aspx#maincontent,
Endpoint,//sync.1rx.io/usersync/simplifi/9455AD8B3CE44EB699F308E788A4A085,
Endpoint,//sync.targeting.unrulymedia.com/csync/RX-b675d2b3-b81c-41af-a155-143a43752772-003,
Endpoint,//investor.trinet.com/news/news-details/2019/TriNet-Reports-Fourth-Quarter-Fiscal-Year-2018-Results--300-Million-Increase-to-Stock-Repurchase-Program/default.aspx,
Endpoint,//sync.targeting.unrulymedia.com/csync/RX-1a4fe62d-2173-4301-a979-46ab7a1cbfa3-003,
Endpoint,//investor.trinet.com/events-and-presentations/event-details/2023/Baird-2023-Global-Consumer-Technology--Services-Conference-2023-P4XcElR4za/default.aspx,
Endpoint,//investor.trinet.com/news/news-details/2020/TriNet-Webinar-Series-Supporting-Employee-Well-Being-During-COVID-19/default.aspx#maincontent,
Endpoint,//investor.trinet.com/news/news-details/2019/TriNet-to-Present-at-the-2019-Stifel-Cross-Sector-Insight-Conference/default.aspx,
Endpoint,//cdn.bizible.com/xdc.js,
Endpoint,//player.vimeo.com/video/781672940,
Endpoint,//sync.targeting.unrulymedia.com/csync/RX-fbd1d735-7704-4f74-8d9c-6f01f91a7802-003,
Endpoint,//investor.trinet.com/events-and-presentations/event-details/2020/TriNet-Second-Quarter-2020-Financial-Results/default.aspx#maincontent,
Endpoint,//sync.targeting.unrulymedia.com/csync/RX-a869bcaf-f267-4a1c-866a-4b8e57bf9bea-003,
Endpoint,//investor.trinet.com/news/news-details/2022/TriNet-Releases-2022-Environmental-Social-and-Governance-Report/default.aspx,
Endpoint,//investor.trinet.com/news/news-details/2017/Barrett-Boston-Joins-TriNet-as-Chief-Revenue-Officer/default.aspx#maincontent,
Endpoint,//investor.trinet.com/news/news-details/2015/TriNet-Appoints-Craig-Flower-as-Chief-Technology-Officer-and-Sateesh-Chilukuri-as-Vice-President-of-Software-Development/default.aspx,
Endpoint,//sync.1rx.io/usersync/simplifi/607C17A34DFF43238B1BBFC7AE4880CA,
Endpoint,//sync.targeting.unrulymedia.com/csync/RX-52d8f8bb-4885-48a7-9d9c-02cd0970bd08-003,
Endpoint,//investor.trinet.com/news/news-details/2021/TriNet-Webinar-Series-Working-in-the-New-Normal---Part-3-Answering-Common-Questions-on-Common-Wage-and-Hour-Issues-in-California/default.aspx#maincontent,
Endpoint,//investor.trinet.com/news/news-details/2021/TriNet-to-Report-Third-Quarter-2021-Financial-Results-on-October-25/default.aspx,
Endpoint,//sync.1rx.io/usersync/simplifi/2543264E8A814FAD8FC433D009A16D64,
Endpoint,//investor.trinet.com/news/news-details/2023/TriNet-President-and-Chief-Executive-Officer-Burton-M.-Goldfield-to-Discuss-Current-State-of-Small-and-Medium-Size-Businesses-at-TriNet-PeopleForce-2023/default.aspx#maincontent,
Endpoint,//sync.1rx.io/usersync/simplifi/0391097594AA4253A272388C8EE0D453,
Endpoint,//investor.trinet.com/events-and-presentations/event-details/2015/TriNet-Fourth-Quarter-and-Full-Year-2014-Financial-Results/default.aspx#maincontent,
Endpoint,//secure.adnxs.com/getuid,
Endpoint,//sync.targeting.unrulymedia.com/csync/RX-3827783c-b429-4636-b6bd-86a0ab68a607-003,
Endpoint,//sync.targeting.unrulymedia.com/csync/RX-867d3b3e-e834-41b6-aaa6-ea010e06b65c-003,
Endpoint,//investor.trinet.com/news/news-details/2017/Next-Generation-Technology-Takes-the-Hassle-Out-of-HR-for-Small-and-Midsize-Businesses/default.aspx#maincontent,
Endpoint,//sync.targeting.unrulymedia.com/csync/RX-aad931c8-1906-413c-9394-07cbd137c752-003,
Endpoint,//sync.1rx.io/usersync/simplifi/91F5FCFEB6F2409A89E5CE131B3A49EB,
Endpoint,//sync.targeting.unrulymedia.com/csync/RX-6c2872be-e850-4861-a6d1-b2a47ef7f9e9-003,
Endpoint,//investor.trinet.com/news/news-details/2017/TriNet-Announces-Dismissal-of-Federal-Securities-Class-Action/default.aspx,
Endpoint,//sync.1rx.io/usersync/simplifi/1E295CA97D6048C287A71A60924E4F13,
Endpoint,//investor.trinet.com/news/news-details/2022/TriNet-to-Participate-at-the-Stifel-2022-Cross-Sector-Insight-Conference/default.aspx,
Endpoint,//investor.trinet.com/events-and-presentations/event-details/2023/The-UBS-Global-Technology-Conference-2023-nUlvbgsdw1/default.aspx#maincontent,
Endpoint,//www.linkedin.com/px/li_sync,
Endpoint,//sync.1rx.io/usersync/simplifi/F8CAE48ABE904A2E878C5E0B92870806,
Endpoint,//investor.trinet.com/news/news-details/2016/TriNet-Insights-Presents-Navigating-Uncertainties-to-Reach-the-Next-Levels-for-Midsize-Biotech-Companies/default.aspx#maincontent,
Endpoint,//player.vimeo.com/video/699113499,
Endpoint,//sync.targeting.unrulymedia.com/csync/RX-84333e5a-d23a-478b-95c9-3ba1a9f9fe29-003,
Endpoint,//sync.1rx.io/usersync/simplifi/91E6E12EA5994EAFA89C262C769B7825,
Endpoint,//sync.1rx.io/usersync/simplifi/47E851212D9A450DB69DFEAF314EBA55,
Endpoint,//sync.1rx.io/usersync/simplifi/CE5C9BA90E7748D9AB7ACF5960EADBB8,
Endpoint,//sync.targeting.unrulymedia.com/csync/RX-0c314d95-887a-4d51-a18d-b8c1e6fd6b1a-003,
Endpoint,//investor.trinet.com/events-and-presentations/event-details/2023/TD-Cowen-51st-Annual-Technology-Media--Telecom-Conference-2023-itJtxyj2VT/default.aspx,
Endpoint,//www.trinet.com/_astro/Checkout.a3b53f41.js,
Endpoint,//sync.1rx.io/usersync/simplifi/17301816005546CDBC3419F2097D2F87,
Endpoint,//investor.trinet.com/news/news-details/2022/TriNet-Enters-into-Exclusive-Agreement-with-WeWork-as-HR-Services-Partner-to-WeWork-Members-in-the-U.S/default.aspx,
Endpoint,//sync.1rx.io/usersync/simplifi/B9A1673168974F65A3A8986DDEB3ABB6,
Endpoint,//sync.1rx.io/usersync/simplifi/FECC255E920F46578EFCA68B24759176,
Endpoint,//sync.1rx.io/usersync/simplifi/3E2A4F3D561B4A0894A1D9C6970E6866,
Endpoint,//investor.trinet.com/news/2023/default.aspx,
Endpoint,//investor.trinet.com/news/news-details/2016/TriNet-Insights-Presents-Seven-Deadly-Sins-of-Life-Sciences-Entrepreneurship/default.aspx#maincontent,
Endpoint,//investor.trinet.com/news/news-details/2020/TriNet-to-Participate-at-the-J.P.-Morgan-Ultimate-Services-Investor-Conference/default.aspx,
Endpoint,//sync.targeting.unrulymedia.com/csync/RX-9c8f2020-4c6b-432f-a831-bbf2565676f2-003,
Endpoint,//sync.1rx.io/usersync/simplifi/34D0230332BB46FD88229FDFE3262250,
Endpoint,//investor.trinet.com/news/news-details/2018/TriNet-to-Participate-at-the-Morgan-Stanley-2018-Technology-Media--Telecom-Conference/default.aspx#maincontent,
Endpoint,//investor.trinet.com/news/news-details/2015/TriNet-to-Report-Third-Quarter-2015-Financial-Results-on-November-2/default.aspx#maincontent,
Endpoint,//sync.1rx.io/usersync/simplifi/8AA9D897082D43CB9F7A4C0500EB3526,
Endpoint,//sync.targeting.unrulymedia.com/csync/RX-9575f27c-087c-4637-949a-8b39f23efc0c-003,
Endpoint,//investor.trinet.com/news/news-details/2023/TriNet-Group-Inc.-Announces-Intention-to-Launch-a-Combined-1-Billion-Fixed-Price-Tender-Offer-and-Repurchase-from-Atairos-each-at-a-Price-of-107-Per-Share-of-Common-Stock/default.aspx#maincontent,
Endpoint,//investor.trinet.com/news/news-details/2023/TriNet-Announces-Fourth-Quarter-and-Fiscal-Year-2022-Results/default.aspx#maincontent,
Endpoint,//investor.trinet.com/news/news-details/2020/Scammers-are-Using-COVID-19-to-Target-Everyone-Including-Small-and-Medium-Size-Businesses-and-Their-Employees/default.aspx,
Endpoint,//sync.targeting.unrulymedia.com/csync/RX-d5e7c026-aa53-4155-9f45-17f6275276e4-003,
Endpoint,//investor.trinet.com/news/news-details/2019/TriNet-to-Report-Third-Quarter-2019-Financial-Results-on-October-24/default.aspx#maincontent,
Endpoint,//investor.trinet.com/news/news-details/2022/TriNet-Announces-Enrich/default.aspx#maincontent,
Endpoint,//ib.adnxs.com/bounce,
Endpoint,//dev.visualwebsiteoptimizer.com/web/djIkYTo0LjA6bm9qcXVlcnksdHI6Ny4w/tag-bfa54dc5760a627824e7238bd5ab619b.js,
Endpoint,//investor.trinet.com/news/news-details/2023/TriNet-to-Participate-at-Upcoming-Investor-Conferences-7d3dc1f64/default.aspx,
Endpoint,//sync.targeting.unrulymedia.com/csync/RX-46f1aabe-8ca5-42d4-8a81-e22c8a23d254-003,
Endpoint,//sync.targeting.unrulymedia.com/csync/RX-ecc61349-c36e-4b07-960e-3f93b3e8f500-003,
Endpoint,//investor.trinet.com/news/news-details/2021/TriNet-to-Participate-at-the-Stifel-2021-Virtual-Cross-Sector-Insight-Conference/default.aspx,
Endpoint,//sync.targeting.unrulymedia.com/csync/RX-5e1823f1-3bc0-4e15-8362-34983dfd856a-003,
Endpoint,//app.hushly.com/assets/widget-ad27a380d131c4896fae620f6d8a3a79.js,
Endpoint,//investor.trinet.com/news/news-details/2023/TriNet-Debuts-New-Episode-of-TriNet-PeopleForce-Podcast-with-Michael-Mendenhall-Featuring-Dr.-Brook-Parker-Bello-More-Too-Life-Founder-and-CEO/default.aspx,
Endpoint,//investor.trinet.com/news/news-details/2022/TriNet-PeopleForceX-Event-For-Austins-Small-And-Medium-Size-Business-Leaders-Tuesday-August-16/default.aspx#maincontent,
Endpoint,//investor.trinet.com/news/news-details/2016/TriNet-Insights-Presents-ACA-Over-Lunch-in-Orlando/default.aspx#maincontent,
Endpoint,//dev.visualwebsiteoptimizer.com/web/djIkYTo0LjA6bm9qcXVlcnksdHI6Ny4w/tag-7f98a3ddd9d2481183c8082c09c44b2c.js,
Endpoint,//sync.targeting.unrulymedia.com/csync/RX-ed1a9466-d4e9-4933-a41d-956691d8366b-003,
Endpoint,//player.vimeo.com/video/440417120,
Endpoint,//investor.trinet.com/news/news-details/2021/71st-Secretary-of-the-Treasury-Dr.-Lawrence-H.-Summers-Added-to-TriNet-PeopleForce-Roster-of-Esteemed-Speakers/default.aspx,
Endpoint,//sync.1rx.io/usersync/simplifi/90BE4399124F4085B5CE1366F2511A73,
Endpoint,//tribl.io/firm_tracking.js,
Endpoint,//sync.targeting.unrulymedia.com/csync/RX-31de2e64-d904-4b2c-b9de-c8c359ecfdad-003,
Endpoint,//investor.trinet.com/news/news-details/2015/TriNet-to-Participate-at-the-JP-Morgan-2015-Ultimate-Services-Investor-Conference/default.aspx,
Endpoint,//sync.targeting.unrulymedia.com/csync/RX-9ddfc8f8-3638-4d3b-8e44-ccdade310c0f-003,
Endpoint,//investor.trinet.com/news/news-details/2020/Kelly-Tuminelli-to-be-Appointed-TriNet-Chief-Financial-Officer/default.aspx#maincontent,
Endpoint,//investor.trinet.com/news/news-details/2016/TriNet-Insights-Presents-ACA-Over-Drinks-in-Stamford-Conn/default.aspx#maincontent,
Endpoint,//investor.trinet.com/news/2021/default.aspx#http,
Endpoint,//investor.trinet.com/events-and-presentations/event-details/2023/Trinet-Second-Quarter-2023-Financial-Results/default.aspx#maincontent,
Endpoint,//investor.trinet.com/news/news-details/2017/Fortune-Magazine-Names-TriNet-One-of-the-Fastest-Growing-Companies-for-2017/default.aspx,
Endpoint,//sync.1rx.io/usersync/simplifi/ECA2DA307ED64E92A003AC004461B84F,
Endpoint,//sync.1rx.io/usersync/simplifi/49369D64450B470DAADD8CCC934191CC,
Endpoint,//sync.1rx.io/usersync/simplifi/D51BCB549BE84D0E9D73139CCB56AA67,
Endpoint,//sync.1rx.io/usersync/simplifi/98A61733BCBF4AA995CE871A1B5CCA0A,
Endpoint,//sync.1rx.io/usersync/simplifi/1BC9AA20D3134153AA32C333F26C5FDB,
Endpoint,//investor.trinet.com/news/news-details/2016/With-the-Presidential-Election-Just-Days-Away-TriNet-Survey-Reveals-Workers-Feelings-on-the-ACA/default.aspx#maincontent,
Endpoint,//investor.trinet.com/news/news-details/2023/TriNet-PeopleForceX-Event-for-Denver-Small-And-Medium-Size-Business-Leaders-Wednesday-January-11/default.aspx,
Endpoint,//sync.1rx.io/usersync/simplifi/B648E1A9BD0540C4B0D5299F26481365,
Endpoint,//sync.1rx.io/usersync/simplifi/15809E4E478E4D449529A4B932C0EE9D,
Endpoint,//sync.targeting.unrulymedia.com/csync/RX-1c5e3268-0548-4856-8433-14f1d9607c15-003,
Endpoint,//player.vimeo.com/video/812622244,
Endpoint,//investor.trinet.com/news/news-details/2023/TriNet-PeopleForceX-Event-for-Denver-Small-And-Medium-Size-Business-Leaders-Wednesday-January-11/default.aspx#maincontent,
Endpoint,//investor.trinet.com/news/news-details/2017/Barrett-Boston-Joins-TriNet-as-Chief-Revenue-Officer/default.aspx,
Endpoint,//investor.trinet.com/news/news-details/2018/TriNet-to-Participate-at-the-Stifel-2018-Cross-Sector-Insight-Conference/default.aspx,
Endpoint,//sync.1rx.io/usersync/simplifi/C1A6BEF7900F45CD90C261AA605617DF,
Endpoint,/tag-e5f303a314bd517c7598b46d61261412.js,
Endpoint,//sync.targeting.unrulymedia.com/csync/RX-41330a9c-7b4e-4ce7-b64b-a51999ffab8a-003,
Endpoint,//sync.targeting.unrulymedia.com/csync/RX-07de9d24-9153-4025-a7f9-900b2d58b20b-003,
Endpoint,//investor.trinet.com/events-and-presentations/event-details/2015/Morgan-Stanley-Technology-Media--Telecom-Conference/default.aspx#maincontent,
Endpoint,//investor.trinet.com/news/news-details/2017/TriNet-to-Report-Second-Quarter-Financial-Results-on-July-31/default.aspx#maincontent,
Endpoint,//sync.targeting.unrulymedia.com/csync/RX-a8bc41ac-485b-475d-9616-5f56209eabd6-003,
Endpoint,//sync.targeting.unrulymedia.com/csync/RX-99370fc5-2905-4acb-887d-1a19acb29748-003,
Endpoint,//sync.1rx.io/usersync/simplifi/E644A4E97B3E449FA99531C62755E1F0,
Endpoint,//investor.trinet.com/news/news-details/2023/TriNet-Announces-Partnership-with-the-American-Foundation-for-Suicide-Prevention/default.aspx,
Endpoint,//investor.trinet.com/news/news-details/2018/TriNet-to-Report-Second-Quarter-2018-Financial-Results-on-July-30/default.aspx,
Endpoint,//investor.trinet.com/events-and-presentations/event-details/2019/TriNet-Fouth-Quarter-2018-Financial-Results/default.aspx,
Endpoint,//sync.1rx.io/usersync/simplifi/BA19E6F7C9D64DC0B209147D66421549,
Endpoint,//investor.trinet.com/news/news-details/2023/TriNet-Group-Inc.-Announces-Final-Results-of-its-Fixed-Price-Tender-Offer/default.aspx#maincontent,
Endpoint,//investor.trinet.com/news/news-details/2023/TriNet-to-Participate-at-Upcoming-Investor-Conferences-7d3dc1f64/default.aspx#maincontent,
Endpoint,//investor.trinet.com/news/news-details/2019/TriNet-to-Report-Second-Quarter-2019-Financial-Results-on-July-25/default.aspx#maincontent,
Endpoint,//sync.targeting.unrulymedia.com/csync/RX-f034629a-aadb-46aa-ade2-76dac587d01d-003,
Endpoint,//investor.trinet.com/news/default.aspx#http,
Endpoint,//player.vimeo.com/video/841288582,
Endpoint,//sync.1rx.io/usersync/simplifi/F15B424607AF4AFD89943F23897F99ED,
Endpoint,//dev.visualwebsiteoptimizer.com/web/djIkYTo0LjA6bm9qcXVlcnksdHI6Ny4w/tag-f096b2090fba8a1f4c14d846b7a307f9.js,
Endpoint,//investor.trinet.com/events-and-presentations/event-details/2022/TriNet-First-Quarter-2022-Financial-Results/default.aspx,
Endpoint,//sync.1rx.io/usersync/simplifi/CB5512AF58B54022A7068C34AC7CDB2C,
Endpoint,//www.youtube.com/embed/XoaGC-dphVE,
Endpoint,//sync.1rx.io/usersync/simplifi/56C129B4ED0D4F7A9E5702148DD6BFBF,
Endpoint,//secure.adnxs.com/bounce,
Endpoint,//player.vimeo.com/video/841290421,
Endpoint,//sync.1rx.io/usersync/simplifi/EFD9E3DC743141F5970EAFB3AC1AA6B5,
Endpoint,//sync.targeting.unrulymedia.com/csync/RX-55274e22-5fb1-47be-83d9-047f6a60153e-003,
Endpoint,//investor.trinet.com/news/news-details/2015/TriNet-Recognized-for-Excellence-in-the-Workplace-With-a-Best-and-Brightest-in-Wellness-Award/default.aspx,
Endpoint,//investor.trinet.com/news/news-details/2023/TriNet-Launching-Platform-Enhancements-to-Meet-Increased-Complexities-of-Running-a-Small-and-Medium-Size-Business/default.aspx#maincontent,
Endpoint,//investor.trinet.com/news/news-details/2018/TriNet-Announces-Third-Quarter-2018-Results/default.aspx,
Endpoint,//investor.trinet.com/news/news-details/2021/TriNet-Announces-Pricing-of-a-Private-Offering-of-500-Million-of-Senior-Notes-due-2029/default.aspx,
Endpoint,//investor.trinet.com/news/news-details/2023/TriNet-Launches-New-Five-Minute-Podcast-SMB-Matters-Addressing-Relevant-and-Timely-Issues-Facing-Small-and-Medium-Size-Businesses/default.aspx,
Endpoint,//d2wy8f7a9ursnm.cloudfront.net/v6/bugsnag.min.js,API
Endpoint,//www.trinet.com/about-us,
Endpoint,//investor.trinet.com/news/news-details/2018/TriNet-to-Participate-at-the-JP-Morgan-2018-Ultimate-Services-Investor-Conference/default.aspx,
Endpoint,//sync.1rx.io/usersync/simplifi/6582F03727CC4E609829094FCEA0B259,
Endpoint,//sync.targeting.unrulymedia.com/csync/RX-def3946b-1499-46b8-b202-da3268fdc392-003,
Endpoint,//sync.1rx.io/usersync/simplifi/AF51BFDCEC684FAB879337B087051237,
Endpoint,//investor.trinet.com/news/news-details/2015/TriNet-to-Participate-at-the-Morgan-Stanley-Technology-Media-and-Telecom-Investor-Conference/default.aspx#maincontent,
Endpoint,//player.vimeo.com/video/841288159,
Endpoint,//investor.trinet.com/news/2015/default.aspx#maincontent,
Endpoint,//investor.trinet.com/news/news-details/2021/TriNet-Announces-Fourth-Quarter-and-Fiscal-Year-2020-Results/default.aspx#maincontent,
Endpoint,//investor.trinet.com/news/news-details/2023/TriNet-Launches-New-Five-Minute-Podcast-SMB-Matters-Addressing-Relevant-and-Timely-Issues-Facing-Small-and-Medium-Size-Businesses/default.aspx#maincontent,
Endpoint,//investor.trinet.com/news/news-details/2015/New-HR-Solution-Gives-Not-for-Profits-Access-to-Products-and-Services-Designed-for-Their-Unique-HR-Needs/default.aspx,
Endpoint,//sync.targeting.unrulymedia.com/csync/RX-790e1961-162c-40bc-a44d-2fa526085b03-003,
Endpoint,//sync.targeting.unrulymedia.com/csync/RX-146bff00-feb0-4997-a597-e5076d973619-003,
Endpoint,//investor.trinet.com/news/news-details/2016/TriNet-Announces-Third-Quarter-Fiscal-2016-Results/default.aspx,
Endpoint,//www.youtube.com/embed/5yoVy6vBOjs,
Endpoint,//sync.targeting.unrulymedia.com/csync/RX-3d6c67c5-60d9-4321-9b9f-dad6bf33e0f3-003,
Endpoint,//dev.visualwebsiteoptimizer.com/web/djIkYTo0LjA6bm9qcXVlcnksdHI6Ny4w/tag-a4a1ef684d742033b9c363ba94101592.js,
Endpoint,//sync.targeting.unrulymedia.com/csync/RX-fee66681-1c9a-43fa-9cde-68427c5698b8-003,
Endpoint,//sync.targeting.unrulymedia.com/csync/RX-41a484ea-43e3-4676-a25f-5e659a3061b4-003,
Endpoint,//sync.1rx.io/usersync/simplifi/8EC842EE2E6641B68A77120284C22C8B,
Endpoint,//sync.1rx.io/usersync/simplifi/F86A3D46FBD34307A75B26129ABA7181,
Endpoint,//investor.trinet.com/news/news-details/2022/TriNet-Group-Inc.-Announces-Preliminary-Results-of-its-Modified-Dutch-Auction-Tender-Offer/default.aspx,
Endpoint,//investor.trinet.com/news/news-details/2021/World-Premiere-Ballet-by-Acclaimed-Dancers-to-Kick-off-TriNet-PeopleForce-2021/default.aspx#maincontent,
Endpoint,//investor.trinet.com/news/news-details/2021/TriNet-Provides-Donation-to-Hire-Heroes-USA-Supporting-Service-Members-Veterans-and-Military-Spouses/default.aspx#maincontent,
Endpoint,//investor.trinet.com/news/news-details/2020/TriNet-Announces-Resignation-of-Kenneth-Goldman-From-Its-Board-of-Directors/default.aspx,
Endpoint,//sync.1rx.io/usersync/simplifi/1EA47B3FB1AE419CAC1178135BDB4B2F,
Endpoint,//player.vimeo.com/video/799691971,
Endpoint,//investor.trinet.com/news/news-details/2020/TriNet-Launches-Mobile-App-That-Simplifies-Open-Enrollment-for-Todays-Increasingly-Distributed-SMB-Workforce/default.aspx#maincontent,
Endpoint,//tribl.io/hconf.js,
Endpoint,//player.vimeo.com/video/871520892,
Endpoint,//investor.trinet.com/news/2023/default.aspx#maincontent,
Endpoint,//www.youtube.com/embed/PYqQanIfPNY,
Endpoint,//9594425.fls.doubleclick.net/activityi,
Endpoint,//investor.trinet.com/news/news-details/2020/TriNet-and-The-Harris-Poll-Reveal-Survey-Results-Highlighting-COVID-19-Preparedness-and-Resiliency-of-Small-and-Medium-Size-Businesses/default.aspx#maincontent,
Endpoint,//sync.1rx.io/usersync/simplifi/9C588CE8358A4886B5FF6EDDDE4605CE,
Endpoint,//investor.trinet.com/full-service-hr/risk-compliance/aca/,
Endpoint,//sync.1rx.io/usersync/simplifi/49EBD3B838DE43F1AD4348CE6271BDB9,
Endpoint,//investor.trinet.com/news/news-details/2014/CEO-World-Awards-Names-TriNet-CEO-Burton-Goldfield-Gold-Award-Winner-in-CEO-of-the-Year-Category/default.aspx,
Endpoint,//sync.targeting.unrulymedia.com/csync/RX-fafa4bfe-a2ef-4ab6-bef2-c2ea0f5995f6-003,
Endpoint,//investor.trinet.com/news/news-details/2014/Free-HR-Grader-Gives-Business-Owners-Quick-Way-to-Assess-Human-Resources-Risk/default.aspx,
Endpoint,//sync.1rx.io/usersync/simplifi/CD22CAB40AB4401EAF0DCCC6B15566F8,
Endpoint,//www.google-analytics.com/analytics.js,
Endpoint,//www.youtube.com/embed/QaCkB2djKHY,
Endpoint,//sync.targeting.unrulymedia.com/csync/RX-f42e71b9-657a-48df-aaf7-7ec41f02e2a1-003,
Endpoint,//investor.trinet.com/news/news-details/2020/TriNet-and-The-Harris-Poll-Reveal-Pulse-Survey-Results-Highlighting-the-Current-State-of-Employee-Productivity-and-Work-Life-Balance-for-Small-and-Medium-Size-Businesses-During-COVID-19/default.aspx#maincontent,
Endpoint,//investor.trinet.com/news/news-details/2022/TriNet-Adds-Additional-Innovative-Business-Leaders-to-Roster-of-Esteemed-Speakers-at-TriNet-PeopleForce-2022/default.aspx,
Endpoint,//investor.trinet.com/news/news-details/2015/TriNet-to-Participate-at-the-Deutsche-Bank-2015-Technology-Conference/default.aspx#maincontent,
Endpoint,//investor.trinet.com/news/news-details/2021/TriNet-to-Report-Third-Quarter-2021-Financial-Results-on-October-25/default.aspx#maincontent,
Endpoint,//investor.trinet.com/news/news-details/2015/Information-Sector-Shows-Employment-Gains-Nevada-Leads-the-Country-in-Job-Growth-According-to-TriNets-SMBeat-March-Report/default.aspx,
Endpoint,//sync.targeting.unrulymedia.com/csync/RX-7ff76d40-3535-4235-b4cf-8841cff8abbd-003,
Endpoint,//investor.trinet.com/events-and-presentations/event-details/2015/JP-Morgan-Ultimate-Services-Investor-Conference/default.aspx,
Endpoint,//sync.1rx.io/usersync/simplifi/E2F556F3DBC842DBABF4CC25B7C9BD52,
Endpoint,//investor.trinet.com/news/news-details/2023/U.S.-Small-Business-Administrator-Isabella-Casillas-Guzman-to-Speak-at-TriNet-PeopleForce-2023/default.aspx,
Endpoint,//sync.1rx.io/usersync/simplifi/D437174112E94C649B1C3AAC29827E3F,
Endpoint,//secure.quantserve.com/quant.js,
Endpoint,//investor.trinet.com/news/2014/default.aspx#http,
Endpoint,//sync.targeting.unrulymedia.com/csync/RX-f03b9983-dd44-431d-9f4a-21dd7eb3c92b-003,
Endpoint,//investor.trinet.com/news/news-details/2021/TriNet-Webinar-Working-in-the-New-Normal---Considerations-for-Employers-in-California/default.aspx#maincontent,
Endpoint,//www.youtube.com/embed/T00V47MtwuA,
Endpoint,//sync.targeting.unrulymedia.com/csync/RX-86596ee1-6a12-49ee-bee8-6dd01cc6c982-003,
Endpoint,//sync.1rx.io/usersync/simplifi/6AA529222C21445F846D1A314B4B38D1,
Endpoint,//sync.1rx.io/usersync/simplifi/80A2A57A89494DC09F798761E526CC7E,
Endpoint,//investor.trinet.com/news/news-details/2020/TriNet--Harris-Poll-Webinar-Industry-Wide-Pulse-Survey-Results---Hard-Data-Human-Truths-and-the-State-of-Small-and-Medium-Size-Business-During-COVID-19/default.aspx,
Endpoint,//sync.1rx.io/usersync/simplifi/4D723624792F4E468FCC6D91FB0CC677,
Endpoint,//investor.trinet.com/events-and-presentations/event-details/2017/TriNet-Fourth-Quarter-2016-Financial-Results/default.aspx,
Endpoint,//investor.trinet.com/news/news-details/2015/TriNet-Announces-50-Million-Increase-to-Stock-Repurchase-Program/default.aspx#maincontent,
Endpoint,//investor.trinet.com/news/news-details/2015/TriNet-Announces-50-Million-Increase-to-Stock-Repurchase-Program/default.aspx,
Endpoint,//sync.targeting.unrulymedia.com/csync/RX-6cc4fdf6-983b-42b2-9d31-11cec4516d20-003,
Endpoint,//investor.trinet.com/news/news-details/2023/TriNet-Wins-Eight-Telly-Awards-for-its-People-Matter-Campaign/default.aspx#maincontent,
Endpoint,//investor.trinet.com/news/news-details/2017/TriNet-Presents-Juggle-the-Struggle-in-Irvine/default.aspx,
Endpoint,//sync.targeting.unrulymedia.com/csync/RX-de0d5ee2-5e80-47d3-96f5-a8c1e9d59ae0-003,
Endpoint,//sync.targeting.unrulymedia.com/csync/RX-5aa7a69f-b8a3-403b-9033-9309c757ed9f-003,
Endpoint,//investor.trinet.com/news/news-details/2017/TriNet-to-Participate-at-the-Deutsche-Bank-2017-Technology-Conference/default.aspx#maincontent,
Endpoint,//sync.1rx.io/usersync/simplifi/8291F0A105114075970BB9C4FE2756A3,
Endpoint,//dev.visualwebsiteoptimizer.com/j.php,
Endpoint,//investor.trinet.com/news/news-details/2017/TriNet-Presents-Juggle-the-Struggle-in-Palo-Alto/default.aspx#maincontent,
Endpoint,//sync.1rx.io/usersync/simplifi/2CF75FDEBFD942F79DF3ACD3ECC02A91,
Endpoint,//investor.trinet.com/investor-relations/default.aspx#9,
Endpoint,//investor.trinet.com/news/news-details/2021/TriNet-Launches-Connect-360-An-Innovative-New-Service-Model-to-Better-Serve-Small-and-Medium-Size-Businesses/default.aspx,
Endpoint,//www.googleadservices.com/pagead/set_partitioned_cookie/,
Endpoint,//investor.trinet.com/news/news-details/2022/TriNet-Announces-Two-Key-Executive-Appointments-Chief-Digital-and-Innovation-Officer-Jay-Venkat-and-Chief-Technology-Officer-Jeff-Hayward/default.aspx#maincontent,
Endpoint,//investor.trinet.com/news/news-details/2021/TriNet-Wins-Eight-Silver-Telly-Awards-for-its-Humanity-Campaign/default.aspx#maincontent,
Endpoint,//dev.visualwebsiteoptimizer.com/web/djIkYTo0LjA6bm9qcXVlcnksdHI6Ny4w/tag-a6715f8b8893edb3fd9de6dfd492cda3.js,
Endpoint,//sync.targeting.unrulymedia.com/csync/RX-a6b25a47-7761-4892-a324-527fdc66111e-003,
Endpoint,//sync.targeting.unrulymedia.com/csync/RX-3ec0e46f-91e0-4a3f-807d-dfb62230df10-003,
Endpoint,//investor.trinet.com/news/news-details/2016/TriNet-Insights-Presents-Revolutionizing-Company-Culture-Space-Matters/default.aspx#maincontent,
Endpoint,//investor.trinet.com/events-and-presentations/event-details/2016/TriNet-Third-Quarter-2016-Financial-Results/default.aspx,
Endpoint,//sync.targeting.unrulymedia.com/csync/RX-617bfa82-4008-49a6-b63d-ef9c945fb1ac-003,
Endpoint,//investor.trinet.com/news/news-details/2022/TriNet-Wins-Two-Stevie-Awards-for-TriNet-PeopleForce-2021/default.aspx,
Endpoint,//investor.trinet.com/news/news-details/2018/TriNet-to-Report-First-Quarter-2018-Financial-Results-on-April-30/default.aspx#maincontent,
Endpoint,//cdn.bizible.com/m/ipv,
Endpoint,//sync.1rx.io/usersync/simplifi/F97D32F16EE04D61945413E0CBB74972,
Endpoint,//investor.trinet.com/news/news-details/2015/Selling-Power-Names-TriNet-One-of-50-Best-Companies-to-Sell-For/default.aspx,
Endpoint,//sync.1rx.io/usersync/simplifi/566E6B16A71B4BC4AE5C6E9CFFD89EFE,
Endpoint,//investor.trinet.com/news/news-details/2022/TriNet-Group-Inc.-Announces-Preliminary-Results-of-its-Modified-Dutch-Auction-Tender-Offer-e51310fc2/default.aspx,
Endpoint,//sync.targeting.unrulymedia.com/csync/RX-f1b1ff43-d9f5-44b2-890c-ae907e80d8bf-003,
Endpoint,//investor.trinet.com/events-and-presentations/event-details/2023/The-UBS-Global-Technology-Conference-2023-nUlvbgsdw1/default.aspx,
Endpoint,//sync.targeting.unrulymedia.com/csync/RX-20585def-5d03-4690-b021-fa40e42802a6-003,
Endpoint,//sync.targeting.unrulymedia.com/csync/RX-205b9e34-c961-4187-b8b3-be89ac29d0df-003,
Endpoint,//sync.1rx.io/usersync/simplifi/E92FB5276D9144E6BAFBDC2BDFB2310E,
Endpoint,//investor.trinet.com/news/news-details/2014/Dice-Holdings-Announces-Appointment-of-Burton-M-Goldfield-to-Board-of-Directors/default.aspx,
Endpoint,//sync.targeting.unrulymedia.com/csync/RX-b4bf1585-69d7-4468-a194-5c7e46a7ca0b-003,
Endpoint,//investor.trinet.com/news/news-details/2021/World-Renowned-Photographer-Annie-Leibovitz-Joins-TriNet-PeopleForce-Roster-of-Distinguished-Speakers/default.aspx,
Endpoint,//investor.trinet.com/news/news-details/2019/TriNet-to-Report-Fourth-Quarter-and-Full-Year-2018-Financial-Results-on-February-14/default.aspx,
Endpoint,//sync.1rx.io/usersync/simplifi/86643FB766DA4D149148E7117F40194F,
Endpoint,//investor.trinet.com/news/news-details/2015/TriNet-Announces-First-Quarter-Fiscal-2015-Results/default.aspx#maincontent,
Endpoint,//sync.targeting.unrulymedia.com/csync/RX-367c0540-55ec-4b6a-8cea-92a779ce7df2-003,
Endpoint,//rise.trinet.com/52066749-7104202fe2502c78e1e6.js,
Endpoint,//sync.1rx.io/usersync/simplifi/5781D6134B464DD988A7AECC5CA7C931,
Endpoint,//www.trinet.com/_astro/full-story.astro_astro_type_script_index_0_lang.4f18deb5.js,
Endpoint,//sync.1rx.io/usersync/simplifi/F8D3047059CF4815A7C522D9519E9704,
Endpoint,//player.vimeo.com/video/819279145,
Endpoint,//investor.trinet.com/news/news-details/2018/TriNet-to-Report-Fourth-Quarter-and-Full-Year-2017-Financial-Results-on-February-27/default.aspx,
Endpoint,//investor.trinet.com/news/news-details/2020/TriNet--Harris-Poll-Webinar-Industry-Wide-Pulse-Survey-Results---The-State-of-Small-and-Medium-Size-Business-During-COVID-19/default.aspx#maincontent,
Endpoint,//investor.trinet.com/news/news-details/2017/TriNet-Presents-Juggle-the-Struggle-in-Denver/default.aspx,
Endpoint,//sync.1rx.io/usersync/simplifi/C6DBDF15B7A04A60B110593D934E2BEF,
Endpoint,//investor.trinet.com/news/news-details/2020/TriNet-Webinar-Series-What-the-PPP-Flexibility-Act-and-New-Forgiveness-Application--Mean-for-Your-Business/default.aspx,
Endpoint,//sync.1rx.io/usersync/simplifi/25C80E55C2EF43C48C9DFDB365335E13,
Endpoint,//sync.1rx.io/usersync/simplifi/FA05D376F1484FEDB145103AC0A903F3,
Endpoint,//investor.trinet.com/news/default.aspx,
Endpoint,//sync.targeting.unrulymedia.com/csync/RX-3b3cca2a-1fad-4e3d-9720-b2912fc22a45-003,
Endpoint,//investor.trinet.com/news/news-details/2021/TriNet-Announces-Fourth-Quarter-and-Fiscal-Year-2020-Results/default.aspx,
Endpoint,//investor.trinet.com/news/news-details/2017/92-Percent-of-Small-and-Midsize-Business-Owners-Believe-President-Trump-Needs-to-do-More-to-Help-Them-Succeed/default.aspx,
Endpoint,//investor.trinet.com/news/news-details/2021/TriNet-Announces-First-Quarter-2021-Results/default.aspx#maincontent,
Endpoint,//sync.targeting.unrulymedia.com/csync/RX-1f80f17c-49c3-4528-9a4f-f43b23600d63-003,
Endpoint,//investor.trinet.com/news/news-details/2021/Admiral-William-H.-McRaven-Joins-TriNet-PeopleForce-Roster-of-Distinguished-Speakers/default.aspx#maincontent,
Endpoint,//investor.trinet.com/events-and-presentations/event-details/2017/TriNet-Second-Quarter-2017-Financial-Results/default.aspx,
Endpoint,//investor.trinet.com/news/news-details/2020/Former-U.S.-President-Joins-TriNet-PeopleForce/default.aspx#maincontent,
Endpoint,//investor.trinet.com/news/news-details/2015/TriNet-Appoints-Craig-Flower-as-Chief-Technology-Officer-and-Sateesh-Chilukuri-as-Vice-President-of-Software-Development/default.aspx#maincontent,
Endpoint,//investor.trinet.com/news/2018/default.aspx#maincontent,
Endpoint,//www.trinet.com/_astro/Confirmation.7219301c.js,
Endpoint,//sync.1rx.io/usersync/simplifi/B0F3C87725F341629AD2BCB6ADCA5350,
Endpoint,//investor.trinet.com/news/news-details/2016/TriNet-to-Report-Second-Quarter-2016-Financial-Results-on-August-1/default.aspx,
Endpoint,/tag-0aa8dc98352ef9f72f9a18cfc0b00608.js,
Endpoint,//investor.trinet.com/news/news-details/2015/Selling-Power-Names-TriNet-One-of-50-Best-Companies-to-Sell-For/default.aspx#maincontent,
Endpoint,//sync.targeting.unrulymedia.com/csync/RX-0494a623-f27d-459b-98c8-b688b710f636-003,
Endpoint,//investor.trinet.com/news/news-details/2020/TriNet-Announces-Appointment-of-Shawn-Guertin-to-Board-of-Directors/default.aspx#maincontent,
Endpoint,//ib.adnxs.com/getuid,
Endpoint,//sync.targeting.unrulymedia.com/csync/RX-801c2d6e-8df0-4dcb-93ad-8043a89670a2-003,
Endpoint,//sync.targeting.unrulymedia.com/csync/RX-7e04e456-7667-4f04-9d00-59ecadfdbead-003,
Endpoint,//sync.targeting.unrulymedia.com/csync/RX-cacfa19d-e6fc-4204-b172-6e7c202bf5b2-003,
Endpoint,//investor.trinet.com/news/news-details/2019/TriNet-Provides-Customers-with-Enhanced-Benefits-Solutions-Ahead-of-Open-Enrollment-Season/default.aspx,
Endpoint,//sync.targeting.unrulymedia.com/csync/RX-2db56607-6f7f-4a86-a300-c793188b7414-003,
Endpoint,//investor.trinet.com/news/news-details/2019/TriNet-to-Report-Third-Quarter-2019-Financial-Results-on-October-24/default.aspx,
Endpoint,//sync.targeting.unrulymedia.com/csync/RX-f08e0706-1ef3-4ca3-9416-4aec761e2484-003,
Endpoint,//sync.1rx.io/usersync/simplifi/4ABD984F83BB49A3B8819C43B31EA2EE,
Endpoint,//sync.targeting.unrulymedia.com/csync/RX-7d364fd7-d332-4ae9-bb9c-e20b297dbd52-003,
Endpoint,//investor.trinet.com/news/2022/default.aspx#http,
Endpoint,//www.trinet.com/_astro/Confirmation.a82b6d40.js,
Endpoint,//sync.1rx.io/usersync/simplifi/FBE0633050FE414C89828ECA035FAAB2,
Endpoint,//sync.targeting.unrulymedia.com/csync/RX-60386783-2519-4c5a-baa9-169029f7e313-003,
Endpoint,//sync.targeting.unrulymedia.com/csync/RX-430e2dba-3adf-42ad-ad88-ae6ab483e4ab-003,
Endpoint,//sync.1rx.io/usersync/simplifi/CE9484BB214D49E38C3C25275997D6BD,
Endpoint,//investor.trinet.com/news/news-details/2019/TriNet-to-Present-at-the-2019-Stifel-Cross-Sector-Insight-Conference/default.aspx#maincontent,
Endpoint,//investor.trinet.com/news/news-details/2019/TriNet-Recognized-as-a-Top-PEO-Company-for-Small-Business/default.aspx,
Endpoint,//investor.trinet.com/news/news-details/2014/TriNet-Announces-First-Quarter-Fiscal-2014-Results/default.aspx#maincontent,
Endpoint,//investor.trinet.com/news/news-details/2020/TriNet-Announces-First-Quarter-2020-Results/default.aspx,
Endpoint,//sync.targeting.unrulymedia.com/csync/RX-c222494e-2da9-4d92-890b-6fa04e23cc09-003,
Endpoint,//sync.1rx.io/usersync/simplifi/9FDBB9EA47FD4F33AE452C0F23173FE8,
Endpoint,//investor.trinet.com/news/news-details/2021/TriNet-Webinar-Recruiting-and-Onboarding-in-a-Virtual-or-Hybrid-Environment/default.aspx#maincontent,
Endpoint,//cdn.bizibly.com/u,
Endpoint,//sync.targeting.unrulymedia.com/csync/RX-720311fc-6711-4b1b-b3aa-ed26336b5347-003,
Endpoint,//sync.1rx.io/usersync/simplifi/744757B5074C4B7CA483FE6355983E5D,
Endpoint,//investor.trinet.com/news/news-details/2022/TriNet-PeopleForce-Returns-to-New-York-City-September-13-15/default.aspx#maincontent,
Endpoint,//investor.trinet.com/news/news-details/2023/TriNet-Announces-New-Products-and-Partnerships-Including-Solutions-for-the-Global-Workforce-and-Independent-Contractors/default.aspx#maincontent,
Endpoint,//sync.1rx.io/usersync/simplifi/6C6F725E42DB4E8E96DB561637855661,
Endpoint,//investor.trinet.com/news/news-details/2021/TriNet-Wins-Multiple-Gold-Stevie-Awards-for-its-People-Matter-Marketing-Campaign-and-TriNet-PeopleForce-Annual-Conference/default.aspx#maincontent,
Endpoint,//investor.trinet.com/news/news-details/2024/TriNet-Announces-Retirement-of-Burton-M.-Goldfield-and-Appoints-Mike-Simonds-President-and-CEO/default.aspx#maincontent,
Endpoint,//investor.trinet.com/news/news-details/2020/TriNet-PeopleForce-Commences-Tomorrow-October-20-2020/default.aspx,
Endpoint,//sync.targeting.unrulymedia.com/csync/RX-a112e339-4fab-47c9-89fc-978a732f233b-003,
Endpoint,//bat.bing.com/bat.js,
Endpoint,//sync.targeting.unrulymedia.com/csync/RX-b11136f8-2f8b-4c52-b923-0cb54688926d-003,
Endpoint,//sync.targeting.unrulymedia.com/csync/RX-a285b847-c8fc-436f-9be1-4903e37bff7c-003,
Endpoint,//player.vimeo.com/video/872735597,
Endpoint,//sync.targeting.unrulymedia.com/csync/RX-1ac50fb8-78eb-4841-a501-0fc733119d45-003,
Endpoint,//fast.fonts.net/t/1.css,Static
Endpoint,//sync.targeting.unrulymedia.com/csync/RX-d670ede4-3061-4657-8e61-bf3a016c3ac7-003,
Endpoint,//sync.1rx.io/usersync/simplifi/7F53A247243D4BA581BA2787061E7B2A,
Endpoint,//sync.targeting.unrulymedia.com/csync/RX-78b96598-bc5e-41ed-8566-96a134d8cc01-003,
Endpoint,//investor.trinet.com/news/news-details/2022/TriNet-to-Participate-at-the-Baird-2022-Global-Consumer-Technology--Services-Conference/default.aspx,
Endpoint,//rise.trinet.com/f55c227c-9cbdba5ffece3595a287.js,
Endpoint,//sync.targeting.unrulymedia.com/csync/RX-8156c5d1-082a-4c3f-8af1-27ecbf7ed732-003,
Endpoint,//investor.trinet.com/news/news-details/2023/TriNet-Webinar-Weathering-the-Storm--Critical-Considerations-for-SMBs-to-Navigate-the-Current-Banking-Crisis/default.aspx#maincontent,
Endpoint,//investor.trinet.com/events-and-presentations/event-details/2014/TriNet-at-the-Sanford-C-Bernstein-Technology-Innovation-Summit/default.aspx,
Endpoint,//investor.trinet.com/news/news-details/2022/TriNet-to-Participate-at-the-Stifel-2022-Cross-Sector-Insight-Conference/default.aspx#maincontent,
Endpoint,//investor.trinet.com/events-and-presentations/event-details/2018/TriNet-Third-Quarter-2018-Financial-Results/default.aspx,
Endpoint,//investor.trinet.com/news/news-details/2022/TriNet-to-Participate-at-the-J.P.-Morgan-2022-Ultimate-Services-Investor-Conference/default.aspx,
Endpoint,//investor.trinet.com/news/news-details/2016/Stevie-Awards-for-Great-Employers-Names-TriNet-One-of-the-Worlds-Best-Human-Resources-Businesses/default.aspx#maincontent,
Endpoint,//investor.trinet.com/news/news-details/2021/TriNet-Announces-Pricing-of-a-Private-Offering-of-500-Million-of-Senior-Notes-due-2029/default.aspx#maincontent,
Endpoint,//www.youtube.com/embed/Pl6x2umPaWI,
Endpoint,//www.youtube.com/embed/EwAoZFD_3RQ,
Endpoint,//sync.targeting.unrulymedia.com/csync/RX-f6e269c5-278f-4a27-9e0a-e129ca2cb562-003,
Endpoint,//sync.1rx.io/usersync/simplifi/3898D283CD084AD29B259D117164FE0D,
Endpoint,//player.vimeo.com/video/846000860,
Endpoint,//sync.targeting.unrulymedia.com/csync/RX-9819f245-b71b-4c5c-8555-f6d84be9357a-003,
Endpoint,//investor.trinet.com/news/2017/default.aspx#http,
Endpoint,//app.hushly.com/assets/widget-f198c37422ff0f2a25d85b88a36677b0.js,
Endpoint,//sync.1rx.io/usersync/simplifi/5FE2A5B92EC5451585D3CC8DF8A1D498,
Endpoint,//investor.trinet.com/news/news-details/2021/TriNet-PeopleForce-Launches-Monday-September-13/default.aspx#maincontent,
Endpoint,//investor.trinet.com/news/news-details/2015/TriNet-Introduces-HR-Solution-Tailored-for-Life-Sciences/default.aspx#maincontent,
Endpoint,//accounts.bizzabo.com/widgets/tickets/496302,
Endpoint,//sync.1rx.io/usersync/simplifi/96061005D26C49438DF5977B55F645B7,
Endpoint,//investor.trinet.com/news/news-details/2015/TriNet-to-Report-Fourth-Quarter-and-Full-Year-2014-Financial-Results-on-March-3/default.aspx,
Endpoint,//sync.targeting.unrulymedia.com/csync/RX-39dbe840-ccfe-4d8f-98d0-b02771523c32-003,
Endpoint,//investor.trinet.com/news/news-details/2015/TriNet-to-Participate-at-the-JP-Morgan-2015-Ultimate-Services-Investor-Conference/default.aspx#maincontent,
Endpoint,//sync.1rx.io/usersync/simplifi/ED5AF8EDB22340C78EF7A39773901260,
Endpoint,//sync.1rx.io/usersync/simplifi/77406C3AEF0B42608EEE5638DC34A0D5,
Endpoint,//investor.trinet.com/events-and-presentations/event-details/2014/TriNet-Third-Quarter-2014-Financial-Results/default.aspx#maincontent,
Endpoint,//sync.targeting.unrulymedia.com/csync/RX-20751e0a-1f7e-4fd7-97b8-9155d4eb2b63-003,
Endpoint,//sync.1rx.io/usersync/simplifi/D0BA6D8C7A1D4116AD787C097D071FD9,
Endpoint,//sync.targeting.unrulymedia.com/csync/RX-c15db3a1-ac65-46c8-9585-eed0f0c8d3b5-003,
Endpoint,//sync.targeting.unrulymedia.com/csync/RX-f34686f8-7dcc-4384-a838-3a7f7f710bb4-003,
Endpoint,//sync.1rx.io/usersync/simplifi/D49AA92D486847BD933DB06C768F8525,
Endpoint,//investor.trinet.com/news/news-details/2023/TriNet-PeopleForceX-Event-for-San-Francisco-Small-And-Medium-Size-Business-Leaders-Tuesday-February-28/default.aspx#maincontent,
Endpoint,//sync.targeting.unrulymedia.com/csync/RX-26dfd1d4-cd7d-4d19-8719-d2948e6e3beb-003,
Endpoint,//investor.trinet.com/news/news-details/2023/TriNet-Announces-Additional-Speakers-for-TriNet-PeopleForce-2023-Including-Six-TriNet-Customers-More-Too-Life-JOAN-Creative-Happiest-Baby-Zap-Surgical-Systems-Mission-Asset-Fund-and-Talkspace/default.aspx#maincontent,
Endpoint,//sync.targeting.unrulymedia.com/csync/RX-c77fd9b7-84bf-4765-9350-a2228fad490b-003,
Endpoint,//sync.1rx.io/usersync/simplifi/0E59D6DE41D94F0B89C17CB3556658A6,
Endpoint,//investor.trinet.com/news/news-details/2022/TriNet-Enters-into-Exclusive-Agreement-with-WeWork-as-HR-Services-Partner-to-WeWork-Members-in-the-U.S/default.aspx#maincontent,
Endpoint,//sync.1rx.io/usersync/simplifi/B5184C3038D94081900E2DE0B0C22E13,
Endpoint,//sync.1rx.io/usersync/simplifi/61ADF6AC47E44F10BF09E438628832D7,
Endpoint,//sync.targeting.unrulymedia.com/csync/RX-859d73e8-3494-4755-b98c-5d2ae82a6532-003,
Endpoint,//sync.1rx.io/usersync/simplifi/669F573B19224D958D6542B67698A0A6,
Endpoint,//investor.trinet.com/news/news-details/2015/Survey-Performance-Reviews-Drive-One-in-Four-Millennials-to-Search-for-a-New-Job-or-Call-in-Sick/default.aspx#maincontent,
Endpoint,//investor.trinet.com/news/news-details/2020/TriNet-Appoints-Maria-Contreras-Sweet-Former-Head-of-U.S.-Small-Business-Administration-to-its-Board-of-Directors/default.aspx#maincontent,
Endpoint,//sync.1rx.io/usersync/simplifi/D474CB42647A4F2DB7B692492F6CC953,
Endpoint,//sync.targeting.unrulymedia.com/csync/RX-346a1939-0d8e-4970-8df8-202c1131e0a8-003,
Endpoint,//investor.trinet.com/news/news-details/2021/TriNet-Wins-Eight-Silver-Telly-Awards-for-its-Humanity-Campaign/default.aspx,
Endpoint,//sync.targeting.unrulymedia.com/csync/RX-cc713fb1-a74a-427b-be9a-ccada0c37b44-003,
Endpoint,//investor.trinet.com/news/news-details/2023/TriNet-to-Report-First-Quarter-2023-Financial-Results-on-April-26/default.aspx#maincontent,
Endpoint,//investor.trinet.com/news/news-details/2023/TriNet-to-Host-Second-Annual-Small-Business-Week-Summit-May-1-4/default.aspx#maincontent,
Endpoint,//sync.1rx.io/usersync/simplifi/99C00698D207470B9AB62167E0E4DDF6,
Endpoint,//investor.trinet.com/events-and-presentations/event-details/2014/TriNet-at-the-JP-Morgan-Global-Technology-Media-and-Telecom-Conference/default.aspx,
Endpoint,//sync.1rx.io/usersync/simplifi/DA754D3297B54E47A20CE01289735140,
Endpoint,//investor.trinet.com/news/news-details/2016/TriNet-to-Participate-at-the-JP-Morgan-2016-Ultimate-Services-Investor-Conference/default.aspx#maincontent,
Endpoint,//sync.1rx.io/usersync/simplifi/2999182CBF7D4025A58C0F3FAED2DE87,
Endpoint,//www.youtube.com/embed/yRN2nxv5zG4,
Endpoint,//sync.targeting.unrulymedia.com/csync/RX-bd3bae45-6918-4552-bf47-1200800bd9cd-003,
Endpoint,//investor.trinet.com/news/news-details/2017/TriNet-Announces-Third-Quarter-2017-Results/default.aspx#maincontent,
Endpoint,//sync.targeting.unrulymedia.com/csync/RX-e395d786-cbbb-4dbc-a29b-160ccbbe4ae7-003,
Endpoint,//sync.targeting.unrulymedia.com/csync/RX-942473c5-64c7-4f22-9136-caf7a72a03d5-003,
Endpoint,//player.vimeo.com/video/569144791,
Endpoint,//investor.trinet.com/news/news-details/2020/TriNet-Webinar-Series-Bridging-the-Cash-Flow-Gap--Funding-Options/default.aspx,
Endpoint,//sync.1rx.io/usersync/simplifi/817C7ACBFEF948979EA06D23E5926186,
Endpoint,//investor.trinet.com/news/news-details/2023/TriNet-PeopleForceX-Event-for-San-Francisco-Small-And-Medium-Size-Business-Leaders-Tuesday-February-28/default.aspx,
Endpoint,//investor.trinet.com/events-and-presentations/event-details/2020/TriNet-Third-Quarter-2020-Financial-Results/default.aspx,
Endpoint,//sync.1rx.io/usersync/simplifi/BC6A55D111524491B3373C32B54625B7,
Endpoint,//sync.targeting.unrulymedia.com/csync/RX-00962d67-9eb4-4e9e-80c7-c7e193c86b19-003,
Endpoint,//investor.trinet.com/investor-relations/#9,
Endpoint,//sync.1rx.io/usersync/simplifi/4E3C3FCA0C4A4B83B145E38D4C2299DF,
Endpoint,//sync.targeting.unrulymedia.com/csync/RX-1d009bfc-f929-4ae4-9e3f-cf3edce9bef4-003,
Endpoint,//sync.1rx.io/usersync/simplifi/B0E7EFA7737240259852A7AB69048CC4,
Endpoint,//investor.trinet.com/news/news-details/2017/Selling-Power-Lists-TriNet-In-Its-Top-10-of-50-Best-Companies-to-Sell-For/default.aspx,
Endpoint,//sync.targeting.unrulymedia.com/csync/RX-9d73cd7a-35ae-43b7-aee6-4e5eae23f5ce-003,
Endpoint,//investor.trinet.com/news/news-details/2022/TriNet-Announces-First-Quarter-2022-Results/default.aspx,
Endpoint,//sync.targeting.unrulymedia.com/csync/RX-f18f5d1d-e361-42b3-8f4c-c690db1b87de-003,
Endpoint,//sync.1rx.io/usersync/simplifi/03E2FE5EC32F4456B81E38AF300FDFB3,
Endpoint,//investor.trinet.com/news/news-details/2016/TriNet-Insights-Presents-ACA-Over-Lunch-in-Orange-County/default.aspx#maincontent,
Endpoint,//sync.1rx.io/usersync/simplifi/EAD19206D4D34370816F2D0918A3FEA0,
Endpoint,//investor.trinet.com/events-and-presentations/event-details/2015/Morgan-Stanley-Technology-Media--Telecom-Conference/default.aspx,
Endpoint,//sync.targeting.unrulymedia.com/csync/RX-9edaf932-2a31-40f4-aee6-5e70c50d1a94-003,
Endpoint,//sync.targeting.unrulymedia.com/csync/RX-41bf82e2-e496-42c0-a5aa-9acebad52edb-003,
Endpoint,//investor.trinet.com/news/news-details/2018/TriNet-to-Participate-at-the-Stifel-2018-Cross-Sector-Insight-Conference/default.aspx#maincontent,
Endpoint,//investor.trinet.com/news/news-details/2022/TriNet-Announces-Third-Annual-TriNet-PeopleForce-Set-for-September-13-15-in-New-York/default.aspx,
Endpoint,//sync.targeting.unrulymedia.com/csync/RX-dda81d1c-c292-46b1-b7f3-3cddae544c10-003,
Endpoint,//sync.targeting.unrulymedia.com/csync/RX-f5ae25ca-01bc-4d34-b436-d54f5ffbbd5b-003,
Endpoint,//sync.targeting.unrulymedia.com/csync/RX-0cf9e7fc-39ee-43b8-a893-0abe728bcc25-003,
Endpoint,//investor.trinet.com/news/news-details/2014/TriNet-Prices-Initial-Public-Offering/default.aspx,
Endpoint,//sync.1rx.io/usersync/simplifi/3C643F03E3154BD4982BA58B1CA63078,
Endpoint,//investor.trinet.com/news/news-details/2016/TriNet-Group-Inc-Announces-Retirement-of-CFO-Bill-Porter/default.aspx#maincontent,
Endpoint,//sync.1rx.io/usersync/simplifi/8D03C91D58234AB09BE7B3EB113C6864,
Endpoint,//investor.trinet.com/news/news-details/2022/TriNet-Announces-Third-Annual-TriNet-PeopleForce-Set-for-September-13-15-in-New-York/default.aspx#maincontent,
Endpoint,//investor.trinet.com/news/news-details/2021/NBA-Champion-and-Successful-Entrepreneur-Andre-Iguodala-Added-to-TriNet-PeopleForce-Roster-of-Esteemed-Speakers/default.aspx#maincontent,
Endpoint,//investor.trinet.com/news/2014/default.aspx#maincontent,
Endpoint,//investor.trinet.com/news/news-details/2014/TriNet-to-Report-Third-Quarter-2014-Financial-Results-on-November-4/default.aspx#maincontent,
Endpoint,//investor.trinet.com/events-and-presentations/event-details/2018/TriNet-First-Quarter-2018-Financial-Results/default.aspx#maincontent,
Endpoint,//investor.trinet.com/news/news-details/2023/TriNet-to-Participate-at-Deutsche-Banks-31st-Annual-Leveraged-Finance-Conference/default.aspx#maincontent,
Endpoint,//investor.trinet.com/events-and-presentations/event-details/2016/TriNet-First-Quarter-2016-Financial-Results/default.aspx,
Endpoint,//sync.targeting.unrulymedia.com/csync/RX-822ffe7d-edb8-4491-93c1-33f64ed92986-003,
Endpoint,/tag-635c68fdc7bc8ea2a1d7f1a249831d6e.js,
Endpoint,//investor.trinet.com/news/news-details/2014/California-Forecasted-to-Add-More-Than-10000-Construction-Jobs-by-End-of-2014/default.aspx#maincontent,
Endpoint,//investor.trinet.com/news/news-details/2023/TriNet-Announces-Additional-Speakers-for-TriNet-PeopleForce-2023-Including-Award-Winning-Actress-Goldie-Hawn-and-Pulitzer-Prize-Winning-Investigative-Reporter-Ronan-Farrow/default.aspx,
Endpoint,//sync.1rx.io/usersync/simplifi/77A5D9200FB24F4080B95883B9C76C6C,
Endpoint,//sync.1rx.io/usersync/simplifi/3F676F0220714C92B6AC7C3E7FBECD6F,
Endpoint,//investor.trinet.com/news/news-details/2020/TriNet-Incentivizes-Redeployment-of-Life-Sciences-Medical-Personnel-Covers-all-TriNet-Professional-Services-Fees-and-Provides-Continuing-Benefits-at-no-Cost-to-Furloughed-Medical-Personnel-Redeployed-to-Treat-COVID-19/default.aspx#maincontent,
Endpoint,//investor.trinet.com/news/news-details/2017/TriNet-Presents-Juggle-the-Struggle-in-Fort-Lauderdale/default.aspx#maincontent,
Endpoint,//sync.1rx.io/usersync/simplifi/3B51E581BFE246E78F5D5D2A49587826,
Endpoint,//sync.1rx.io/usersync/simplifi/28CEB21CFD28454FB783F13B26F327EA,
Endpoint,//sync.targeting.unrulymedia.com/csync/RX-9fe5f499-b6c7-4b42-82d6-a41ac7664714-003,
Endpoint,//investor.trinet.com/news/news-details/2020/TriNet-President-and-Chief-Executive-Officer-Burton-M-Goldfield-to-Speak-at-Annual-Extreme-Leadership-Experience-Conference-on-February-27/default.aspx,
Endpoint,//sync.targeting.unrulymedia.com/csync/RX-4166e08a-73ac-4eee-8306-666b6f59b429-003,
Endpoint,//sync.targeting.unrulymedia.com/csync/RX-4c7f027f-d28f-4090-88c3-7f67acf2935d-003,
Endpoint,//investor.trinet.com/news/news-details/2021/TriNet-and-The-New-York-Times-Debut-The-People-Report-at-TriNet-PeopleForce/default.aspx,
Endpoint,//investor.trinet.com/news/news-details/2020/TriNet-PeopleForce-Commences-Tomorrow-October-20-2020/default.aspx#maincontent,
Endpoint,//sync.1rx.io/usersync/simplifi/6A7558E3034844E48317C51856B8B2FB,
Endpoint,//sync.targeting.unrulymedia.com/csync/RX-dbd61202-8a68-4f29-9015-50903084b927-003,
Endpoint,//sync.targeting.unrulymedia.com/csync/RX-d6741806-8cf9-4fa0-9d4e-5bcfdd0a5155-003,
Endpoint,//investor.trinet.com/news/news-details/2022/TriNet-Zenefits-Expands-Applicant-Tracking-and-People-Analytics-Capabilities-Through-Collaborations-with-JazzHR-and-Visier/default.aspx,
Endpoint,//www.youtube.com/embed/vnh4tMlqWi4,
Endpoint,//sync.1rx.io/usersync/simplifi/91ADF3892A1D407A8B3F0BA19971D457,
Endpoint,//sync.1rx.io/usersync/simplifi/22F3BCBB35AC4AE4B38378DDEE29D85D,
Endpoint,//investor.trinet.com/news/news-details/2023/TriNet-to-Host-Virtual-Summit-with-SMB-Experts-on-May-25-During-National-PEO-Week/default.aspx#maincontent,
Endpoint,//investor.trinet.com/news/news-details/2016/TriNet-to-Report-Third-Quarter-2016-Financial-Results-on-November-1/default.aspx#maincontent,
Endpoint,//sync.targeting.unrulymedia.com/csync/RX-02301811-e508-49f5-9880-1d7a1518d830-003,
Endpoint,//sync.1rx.io/usersync/simplifi/BBFE3A07F62B4D3EB25F4736B25E8A85,
Endpoint,//www.youtube.com/embed/dbNIcD8Easw,
Endpoint,//sync.targeting.unrulymedia.com/csync/RX-880dd888-c7e8-4428-b5e9-8a9aec274dec-003,
Endpoint,/tag-2cd74f7f2888db888af389d5fea67e25.js,
Endpoint,//player.vimeo.com/video/814748287,
Endpoint,//player.vimeo.com/video/771692389,
Endpoint,//investor.trinet.com/events-and-presentations/event-details/2016/TriNet-Second-Quarter-2016-Financial-Results/default.aspx,
Endpoint,//investor.trinet.com/news/news-details/2022/TriNet-PeopleForceX-Event-For-Austins-Small-And-Medium-Size-Business-Leaders-Tuesday-August-16/default.aspx,
Endpoint,//investor.trinet.com/investor-relations/#11,
Endpoint,//sync.1rx.io/usersync/simplifi/C68E91F204A243C4945CCE0DF4BC508D,
Endpoint,//sync.1rx.io/usersync/simplifi/212701DE7D4B406FAB194822D7F676EF,
Endpoint,//sync.targeting.unrulymedia.com/csync/RX-89e35c84-cecb-4ff3-a3d6-96187476ca7d-003,
Endpoint,//investor.trinet.com/news/news-details/2015/TriNet-Introduces-HR-Solution-Tailored-for-Life-Sciences/default.aspx,
Endpoint,//investor.trinet.com/news/news-details/2020/TriNet-Webinar-Families-First-Coronavirus-Response-Act---What-Businesses-with-Under-500-Employees-Need-to-Know/default.aspx#maincontent,
Endpoint,//player.vimeo.com/video/841295254,
Endpoint,//sync.1rx.io/usersync/simplifi/F314314100E14BCABB8FC1AC0D105DD5,
Endpoint,//sync.1rx.io/usersync/simplifi/626D5F5C275044D48D76E3B088B99EC1,
Endpoint,//investor.trinet.com/events-and-presentations/event-details/2022/JP-Morgan-2022-Ultimate-Services-Investor-Conference/default.aspx#maincontent,
Endpoint,//www.youtube.com/embed/KyhXmeOInv0,
Endpoint,//sync.1rx.io/usersync/simplifi/F46E18FE8C1B47BFABFA8AB4CA70860B,
Endpoint,//investor.trinet.com/events-and-presentations/event-details/2023/Investor-Presentation-Q2/default.aspx#maincontent,
Endpoint,//investor.trinet.com/events-and-presentations/event-details/2021/TriNet-Second-Quarter-2021-Financial-Results/default.aspx,
Endpoint,//sync.targeting.unrulymedia.com/csync/RX-d783f559-7cbe-4189-b1a3-6b880bfb1689-003,
Endpoint,//investor.trinet.com/events-and-presentations/event-details/2014/TriNet-at-the-JP-Morgan-Global-Technology-Media-and-Telecom-Conference/default.aspx#maincontent,
Endpoint,//sync.targeting.unrulymedia.com/csync/RX-3ec9fad6-83fc-4a64-aa5c-66a3893a6a21-003,
Endpoint,//investor.trinet.com/news/news-details/2021/TriNet-to-Report-Fourth-Quarter-and-Full-Year-2020-Financial-Results-on-February-16/default.aspx#maincontent,
Endpoint,//sync.targeting.unrulymedia.com/csync/RX-330e92b8-ac61-40da-ae3a-5ad9aa77931e-003,
Endpoint,//sync.targeting.unrulymedia.com/csync/RX-0164ef58-8c59-4aa3-a793-ccf33e23f9b8-003,
Endpoint,//sync.1rx.io/usersync/simplifi/426F495739C34DB28835DDA28F57898C,
Endpoint,//sync.targeting.unrulymedia.com/csync/RX-afa3024c-244b-4f0d-adc1-a826d3d3e3b7-003,
Endpoint,//sync.targeting.unrulymedia.com/csync/RX-f121cb05-469c-4be0-bae7-bfe74274e432-003,
Endpoint,//investor.trinet.com/events-and-presentations/event-details/2023/Trinet-Second-Quarter-2023-Financial-Results/default.aspx,
Endpoint,//www.youtube.com/embed/H-I1SEayNNs,
Endpoint,//sync.targeting.unrulymedia.com/csync/RX-7a1f984a-0972-4e40-bb6f-96eab59ffaba-003,
Endpoint,//investor.trinet.com/news/news-details/2022/TriNet-Announces-Enrich-Learn-Tax-Optimized-Education-Assistance-Program-for-Small-and-Medium-Size-Businesses/default.aspx,
Endpoint,//investor.trinet.com/news/news-details/2022/TRINET-ADDS-FORMER-PEPSICO-CHAIRMAN-AND-CEO-INDRA-NOOYI-GLOBAL-SUPERSTAR-AND-ENTERTAINER-LILLY-SINGH-EDITOR-AND-AUTHOR-TINA-BROWN-AND-FORMER-NASA-ASTRONAUT-MIKE-MASSIMINO-TO-ROSTER-OF-DISTINGUISHED-SPEAKERS-FOR-TRINET-PEOPLEFORCE-2022/default.aspx#maincontent,
Endpoint,//investor.trinet.com/events-and-presentations/event-details/2021/JP-Morgan-2021-Ultimate-Services-Investor-Conference/default.aspx#maincontent,
Endpoint,//investor.trinet.com/news/news-details/2021/TriNet-Announces-Second-Quarter-2021-Results/default.aspx#maincontent,
Endpoint,//sync.targeting.unrulymedia.com/csync/RX-4775732c-4129-408f-a2c2-354b9b65f6ab-003,
Endpoint,//investor.trinet.com/news/news-details/2023/CEOs--Prominent-SMB-Entrepreneurs-Share-Their-Inspirational-Stories-in-New-TriNet-Original-Series-Leading-with-Passion/default.aspx,
Endpoint,//sync.1rx.io/usersync/simplifi/4223EAA1CBDC43A782D80245DC7DD355,
Endpoint,//investor.trinet.com/news/news-details/2022/TriNet-Announces-Acquisition-of-Clarus-RD-Solutions-LLC/default.aspx#maincontent,
Endpoint,//sync.targeting.unrulymedia.com/csync/RX-f7ef8e51-0343-4bf9-8802-2378d252d437-003,
Endpoint,//sync.targeting.unrulymedia.com/csync/RX-a1c8151d-45f1-4e0c-b357-f882b9763f8c-003,
Endpoint,//sync.1rx.io/usersync/simplifi/15BDA465D9AC45F4AB2F205CE09C23BF,
Endpoint,//sync.1rx.io/usersync/simplifi/FD006E39D5CD4CFEAAEAFC3F3D62C6AA,
Endpoint,//sync.1rx.io/usersync/simplifi/5E1D2791CD51440A9BFF5B3F48E2E67D,
Endpoint,//sync.1rx.io/usersync/simplifi/9284AC48440D4944855D0403595D6769,
Endpoint,//sync.targeting.unrulymedia.com/csync/RX-8f7bf081-0dbf-43c0-a239-ce794eaa1ffd-003,
Endpoint,//sync.targeting.unrulymedia.com/csync/RX-24b217db-77ba-4389-8272-bf4b9664c599-003,
Endpoint,//sync.targeting.unrulymedia.com/csync/RX-f0ac2964-5f7a-4460-beb8-4b3598c1a87a-003,
Endpoint,//sync.targeting.unrulymedia.com/csync/RX-1a787cd7-4714-49d5-ac61-534cc815173c-003,
Endpoint,//investor.trinet.com/news/news-details/2017/TriNet-Presents-Juggle-the-Struggle-in-Palo-Alto/default.aspx,
Endpoint,//investor.trinet.com/news/news-details/2020/TriNet-Webinar-Series-Bridging-the-Cash-Flow-Gap--Navigating-Small-Business-Relief-Options/default.aspx#maincontent,
Endpoint,//investor.trinet.com/events-and-presentations/event-details/2017/TriNet-Second-Quarter-2017-Financial-Results/default.aspx#maincontent,
Endpoint,//investor.trinet.com/news/news-details/2021/TIMES-UP-CEO-Tina-Tchen-Joins-TriNet-PeopleForce-Roster-of-Distinguished-Speakers/default.aspx,
Endpoint,//sync.1rx.io/usersync/simplifi/8C23FBCF547D44CCBDD19B0274C830EE,
Endpoint,//sync.targeting.unrulymedia.com/csync/RX-92289a2b-96af-4a09-98eb-8f325a9a098f-003,
Endpoint,//sync.targeting.unrulymedia.com/csync/RX-97281e16-1d03-455b-9af0-5e63657c2c4b-003,
Endpoint,//sync.targeting.unrulymedia.com/csync/RX-abbfaae9-a45b-452a-8c7f-e42265f748f2-003,
Endpoint,//investor.trinet.com/news/news-details/2018/TriNet-Announces-First-Quarter-2018-Results/default.aspx#maincontent,
Endpoint,//investor.trinet.com/events-and-presentations/event-details/2014/TriNet-at-the-Sanford-C-Bernstein-Technology-Innovation-Summit/default.aspx#maincontent,
Endpoint,//investor.trinet.com/news/news-details/2022/TriNet-Announces-Enrich/default.aspx,
Endpoint,//investor.trinet.com/news/news-details/2017/TriNet-Announces-Dismissal-of-Federal-Securities-Class-Action/default.aspx#maincontent,
Endpoint,//investor.trinet.com/news/news-details/2015/TriNet-Joins-BDO-Alliance-USA/default.aspx#maincontent,
Endpoint,//investor.trinet.com/news/news-details/2014/TriNet-Announces-Second-Quarter-Fiscal-2014-Results/default.aspx#maincontent,
Endpoint,//investor.trinet.com/events-and-presentations/event-details/2018/Investor-Presentation-November/default.aspx#maincontent,
Endpoint,//sync.targeting.unrulymedia.com/csync/RX-1a7e7d7f-b0ff-4e39-a8c5-0cf1937795be-003,
Endpoint,//player.vimeo.com/video/906548317,
Endpoint,//sync.targeting.unrulymedia.com/csync/RX-518dfdb2-b839-4fbb-a350-429b1df8e670-003,
Endpoint,//qvdt3feo.com/conv,
Endpoint,//investor.trinet.com/news/news-details/2014/TriNet-Expense-to-Sponsor-Intacct-Advantage-2014/default.aspx#maincontent,
Endpoint,//sync.targeting.unrulymedia.com/csync/RX-82d054d6-4675-46d7-aaa4-f94ef7d50362-003,
Endpoint,//sync.1rx.io/usersync/simplifi/8002F22C05754269A52F867DEEA60DDE,
Endpoint,//investor.trinet.com/news/news-details/2016/TriNet-Insights-Presents-ACA-Over-Drinks-in-Miami/default.aspx,
Endpoint,//investor.trinet.com/news/news-details/2022/TriNet-President-and-Chief-Executive-Officer-Burton-M.-Goldfield-to-Reveal-Current-State-of-Small-and-Medium-Size-Businesses-at-TriNet-PeopleForce-2022/default.aspx#maincontent,
Endpoint,//sync.targeting.unrulymedia.com/csync/RX-20207481-1b5f-4f36-a9c8-0a89da28eb7c-003,
Endpoint,//investor.trinet.com/events-and-presentations/event-details/2015/TriNet-Third-Quarter-2015-Financial-Results/default.aspx#maincontent,
Endpoint,//investor.trinet.com/news/news-details/2023/TriNet-Announces-Pricing-of-Private-Offering-of-400-Million-of-Senior-Notes-due-2031/default.aspx#maincontent,
Endpoint,//investor.trinet.com/news/news-details/2020/TriNet-Announces-COVID-19-Health-Carrier-Administrative-Fees-Received-to-be-Returned-to-Clients-as-Fee-Credit/default.aspx,
Endpoint,//www.youtube.com/iframe_api,
Endpoint,//investor.trinet.com/events-and-presentations/event-details/2023/Investor-Presentation-2023--mSJ0icgfy/default.aspx#maincontent,
Endpoint,//sync.1rx.io/usersync/simplifi/A0A90AA5D08A4EF8956FA2B083AE5C2F,
Endpoint,//sync.1rx.io/usersync/simplifi/3C8F4B29F72F4C0EBA4EEBB1282BA4C0,
Endpoint,//investor.trinet.com/news/news-details/2019/TriNet-Announces-First-Quarter-2019-Results/default.aspx,
Endpoint,//dev.visualwebsiteoptimizer.com/web/djIkdHI6Ny4w/tag-f3aa4b6d97eec8a20d84689665d540fb.js,
Endpoint,//investor.trinet.com/news/news-details/2015/TriNet-SMBeat-Introduces-Employment-Index-Updated-Format-New-Features/default.aspx#maincontent,
Endpoint,//sync.targeting.unrulymedia.com/csync/RX-b7914fe6-b923-4382-897d-337dab53b70c-003,
Endpoint,//investor.trinet.com/news/news-details/2022/Accomplished-Vocalists-Katharine-McPhee-Lauren-Davidson-Victoria-Rene-and-Loren-Allred-to-Perform-at-TriNet-PeopleForce-2022/default.aspx#maincontent,
Endpoint,//investor.trinet.com/full-service-hr/,
Endpoint,//dsum-sec.casalemedia.com/rum,
Endpoint,//sync.targeting.unrulymedia.com/csync/RX-c8db566b-e7ae-4981-a423-dc092019ccd6-003,
Endpoint,//sync.1rx.io/usersync/simplifi/45EFB794E4D04AD0A9EB220FD6952856,
Endpoint,//investor.trinet.com/news/news-details/2014/TriNet-Featured-on-Selling-Powers-50-Best-Companies-to-Sell-For-List/default.aspx,
Endpoint,//sync.1rx.io/usersync/simplifi/04D31CEA48BD4921A2989756A8614A8F,
Endpoint,//sync.targeting.unrulymedia.com/csync/RX-caef8ecd-b4c1-458a-b0b4-2092cc741f26-003,
Endpoint,//investor.trinet.com/news/news-details/2021/TriNet-to-Participate-at-the-J.P.-Morgan-2021-Ultimate-Services-Investor-Conference/default.aspx#maincontent,
Endpoint,//sync.1rx.io/usersync/simplifi/0D4A56815CF842A3B0D717983A9DE28C,
Endpoint,//investor.trinet.com/news/news-details/2023/TriNet-to-Participate-at-Upcoming-Investor-Conferences/default.aspx,
Endpoint,//sync.targeting.unrulymedia.com/csync/RX-5d8c1e52-918a-42a0-b2d9-7336665a5dc9-003,
Endpoint,//sync.targeting.unrulymedia.com/csync/RX-b58bda69-83e7-449f-b551-f6336f5c26bc-003,
Endpoint,//investor.trinet.com/news/news-details/2015/TriNet-Appoints-Paul-Chamberlain-to-Board-of-Directors/default.aspx#maincontent,
Endpoint,//sync.targeting.unrulymedia.com/csync/RX-ae093c38-49a4-4767-a56e-29341ab1854c-003,
Endpoint,//sync.1rx.io/usersync/simplifi/E54ECA3A219F4B0BA0E4BA925BD573E8,
Endpoint,//investor.trinet.com/news/news-details/2020/TriNet-Webinar-Families-First-Coronavirus-Response-Act---What-Businesses-with-Under-500-Employees-Need-to-Know/default.aspx,
Endpoint,/tag-90d1c59b328d9c90a45785e87c70a86f.js,
Endpoint,//sync.1rx.io/usersync/simplifi/5639E9C8E730435FB190A8EDC8C5906E,
Endpoint,//investor.trinet.com/events-and-presentations/event-details/2022/stifel-2022-conference/default.aspx,
Endpoint,//sync.1rx.io/usersync/simplifi/945A4D65217449509A06C7EA6CA6959B,
Endpoint,//investor.trinet.com/news/news-details/2018/TriNet-Announces-Third-Quarter-2018-Results/default.aspx#maincontent,
Endpoint,//sync.targeting.unrulymedia.com/csync/RX-23a9500a-5892-4345-bef6-d5fb0f0b40bb-003,
Endpoint,//investor.trinet.com/events-and-presentations/event-details/2023/Investor-Presentation-Q2/default.aspx,
Endpoint,//sync.targeting.unrulymedia.com/csync/RX-e78be1f7-5418-4b87-9396-3ea1a12106aa-003,
Endpoint,//sync.1rx.io/usersync/simplifi/8CFE9B967AAB4904BB12D1D4EE8E8C7E,
Endpoint,//investor.trinet.com/news/news-details/2017/TriNet-Presents-Juggle-the-Struggle-in-New-York-City/default.aspx#maincontent,
Endpoint,//investor.trinet.com/industry-solutions/#maincontent,
Endpoint,//sync.targeting.unrulymedia.com/csync/RX-44a54878-dd2b-46e0-8fee-f8f4769e67f7-003,
Endpoint,//investor.trinet.com/news/news-details/2014/TriNet-CEO-Burton-Goldfield-to-Speak-at-Galvanize/default.aspx,
Endpoint,//sync.targeting.unrulymedia.com/csync/RX-b28e036e-edf2-449c-a76d-3c510a57ab87-003,
Endpoint,//sync.1rx.io/usersync/simplifi/B5C24ADF9F93408B9D45913D076F4E39,
Endpoint,//sync.targeting.unrulymedia.com/csync/RX-bfb9bdae-f46a-4523-abc8-e3b6a6c4215b-003,
Endpoint,//investor.trinet.com/news/news-details/2023/TriNet-Announces-Third-Quarter-2023-Results/default.aspx,
Endpoint,//investor.trinet.com/news/news-details/2014/TriNet-Launches-TriNet-Hire-to-Simplify-Hiring-for-Small-and-Medium-Sized-Businesses/default.aspx#maincontent,
Endpoint,//sync.targeting.unrulymedia.com/csync/RX-27a4b1d4-d21a-4b09-a996-c6b5c70b9a79-003,
Endpoint,//investor.trinet.com/events-and-presentations/event-details/2023/Bank-of-America-2023-Information--Business-Services-Conference/default.aspx#maincontent,
Endpoint,//dev.visualwebsiteoptimizer.com/web/djIkdHI6Ny4w/tag-d79f48b493063b585e3470738f19d03a.js,
Endpoint,//sync.1rx.io/usersync/simplifi/A0957B325182432C93C722BFCC8201EB,
Endpoint,//sync.targeting.unrulymedia.com/csync/RX-fc3531ce-5bf0-4693-ac78-30bec55c5354-003,
Endpoint,//sync.targeting.unrulymedia.com/csync/RX-197ed976-c2c6-48fc-8366-efcf12569bac-003,
Endpoint,//investor.trinet.com/news/news-details/2020/TriNet-Webinar-Bridging-the-Health-Coverage-Gap--Facilitating-Access-to-Alternative-Offerings-for-Small-and-Medium-Size-Businesses/default.aspx#maincontent,
Endpoint,//sync.targeting.unrulymedia.com/csync/RX-5dc51d74-771a-481f-8fd4-3d905ff29c32-003,
Endpoint,//investor.trinet.com/news/news-details/2016/TriNet-Insights-Presents-ACA-Over-Drinks-in-Miami/default.aspx#maincontent,
Endpoint,//dev.visualwebsiteoptimizer.com/web/djIkdHI6Ny4w/tag-7e374e2b22edd7359ad9ab27aa1ff79f.js,
Endpoint,//investor.trinet.com/news/news-details/2020/Kelly-Tuminelli-to-be-Appointed-TriNet-Chief-Financial-Officer/default.aspx,
Endpoint,//sync.targeting.unrulymedia.com/csync/RX-e8e56c20-4a05-4b36-965a-fd66e2da5f8f-003,
Endpoint,//sync.targeting.unrulymedia.com/csync/RX-1f3b93e3-8bbc-4fe8-96d3-4e7b7827ce03-003,
Endpoint,//sync.targeting.unrulymedia.com/csync/RX-442a8b5d-7425-4a3d-8028-28339edd0a40-003,
Endpoint,//investor.trinet.com/news/news-details/2023/TriNet-Announces-Speakers-for-TriNet-PeopleForce-2023-Including-Multi-Faceted-Entrepreneur-Ryan-Reynolds-and-Global-Humanitarian-Ashley-Judd/default.aspx#maincontent,
Endpoint,//sync.targeting.unrulymedia.com/csync/RX-c50768f1-8c74-4aa5-8a9b-1798fcfc4023-003,
Endpoint,//investor.trinet.com/news/news-details/2014/TriNet-to-Present-at-the-Sanford-C-Bernstein-Technology-Innovation-Summit/default.aspx,
Endpoint,//investor.trinet.com/news/news-details/2020/TriNet-and-The-Harris-Poll-Reveal-Survey-Results-Highlighting-COVID-19-Preparedness-and-Resiliency-of-Small-and-Medium-Size-Businesses/default.aspx,
Endpoint,//investor.trinet.com/events-and-presentations/event-details/2016/Stifel-2016-Technology-Internet--Media-Investor-Conference/default.aspx#maincontent,
Endpoint,//investor.trinet.com/news/news-details/2020/TriNet-Survey-Reveals-Surprising-Insights-About-the-Challenges-and-Opportunities-Facing-Small-and-Medium-Size-Business-Owners/default.aspx,
Endpoint,//investor.trinet.com/news/news-details/2020/TriNet-Wins-Eight-Silver-Telly-Awards-for-Its-People-Matter-Marketing-Campaign/default.aspx#maincontent,
Endpoint,//sync.1rx.io/usersync/simplifi/41E4B24793BC458D94653D1F8503BC93,
Endpoint,//investor.trinet.com/news/news-details/2015/CEO-World-Awards-Names-TriNet-CEO-Burton-Goldfield-Gold-Award-Winner-in-CEO-of-the-Year-Category/default.aspx#maincontent,
Endpoint,//investor.trinet.com/news/news-details/2023/TriNet-Announces-Additional-Speakers-for-TriNet-PeopleForce-2023-Including-Award-Winning-Actress-Goldie-Hawn-and-Pulitzer-Prize-Winning-Investigative-Reporter-Ronan-Farrow/default.aspx#maincontent,
Endpoint,//investor.trinet.com/events-and-presentations/event-details/2017/William-Blair--Co-37th-Annual-Growth-Stock-Conference/default.aspx,
Endpoint,//sync.targeting.unrulymedia.com/csync/RX-e61c473f-82da-4e7c-8828-bdb052f783e0-003,
Endpoint,//investor.trinet.com/news/news-details/2023/TriNet-to-Report-Second-Quarter-2023-Financial-Results-on-July-26/default.aspx#maincontent,
Endpoint,//sync.targeting.unrulymedia.com/csync/RX-9d712910-b1a9-45eb-a19c-0a3c126139a8-003,
Endpoint,//cdn.bizible.com/ipv,
Endpoint,//d2genwge1af44w.cloudfront.net/assets/moments-81e535b6388a8f6e96d7b8b60639cfc9466b5be6.js,
Endpoint,//investor.trinet.com/news/news-details/2022/TriNet-Announces-First-Quarter-2022-Results/default.aspx#maincontent,
Endpoint,//sync.1rx.io/usersync/simplifi/3D3AB5D0955A4AA9BCBB709391E3144B,
Endpoint,//sync.1rx.io/usersync/simplifi/ED9CE1162C6C425DB4E8867AB34B75D9,
Endpoint,//www.youtube.com/embed/R0LcSt_z1IA,
Endpoint,//sync.targeting.unrulymedia.com/csync/RX-5761a772-b1b5-41f2-85d3-0812a863f837-003,
Endpoint,//sync.1rx.io/usersync/simplifi/58AD3A3418F342AEA96844A61DDACFCB,
Endpoint,//sync.1rx.io/usersync/simplifi/95AE00A92C864B8F835E60794A65686C,
Endpoint,//sync.targeting.unrulymedia.com/csync/RX-f636a174-20e7-463c-b021-0d523f0fd155-003,
Endpoint,//investor.trinet.com/news/news-details/2018/TriNet-Announces-Senior-Secured-Credit-Facility-Refinancing/default.aspx,
Endpoint,//investor.trinet.com/news/news-details/2021/TriNet-Releases-Latest-Version-of-Mobile-App-at-TriNet-PeopleForce/default.aspx,
Endpoint,//investor.trinet.com/news/news-details/2021/Former-Georgia-House-of-Representatives-Minority-Leader-Stacey-Abrams-Added-to-TriNet-PeopleForce-Roster-of-Esteemed-Speakers/default.aspx,
Endpoint,//investor.trinet.com/events-and-presentations/event-details/2023/Stifel-2023-Cross-Sector-Insight-Conference-2023-Bb-_G6H-IY/default.aspx,
Endpoint,//investor.trinet.com/events-and-presentations/event-details/2016/TriNet-Second-Quarter-2016-Financial-Results/default.aspx#maincontent,
Endpoint,//investor.trinet.com/news/news-details/2014/TriNet-to-Report-First-Quarter-2014-Financial-Results-on-May-5/default.aspx,
Endpoint,//sync.targeting.unrulymedia.com/csync/RX-e1b0ad75-ed55-4976-b8fb-c971213c42b5-003,
Endpoint,//investor.trinet.com/news/news-details/2017/TriNet-to-Participate-at-the-Morgan-Stanley-2017-Technology-Media--Telecom-Conference/default.aspx#maincontent,
Endpoint,//player.vimeo.com/video/440418766,
Endpoint,//investor.trinet.com/events-and-presentations/event-details/2014/JP-Morgan-Ultimate-Services-Investor-Conference-2014/default.aspx,
Endpoint,//sync.targeting.unrulymedia.com/csync/RX-92691ea7-365b-455d-bca0-2e46285a49c6-003,
Endpoint,//dev.visualwebsiteoptimizer.com/web/djIkYTo0LjA6bm9qcXVlcnksdHI6Ny4w/tag-f92e32b389e5b65b7f00a8cae1218ab7.js,
Endpoint,//sync.targeting.unrulymedia.com/csync/RX-4c5fe694-fd0e-4429-95c1-b2e0f70692c5-003,
Endpoint,//investor.trinet.com/news/news-details/2016/Entrepreneurs-HR-Product-Users-Name-TriNet-a-Best-Core-HR-Software-Option-for-Midsize-Companies/default.aspx,
Endpoint,/tag-715bf3ba46529ae1bcc8683963990b4a.js,
Endpoint,//investor.trinet.com/news/news-details/2020/TriNet-Survey-Reveals-Surprising-Insights-About-the-Challenges-and-Opportunities-Facing-Small-and-Medium-Size-Business-Owners/default.aspx#maincontent,
Endpoint,//investor.trinet.com/investor-relations/default.aspx#3,
Endpoint,//sync.targeting.unrulymedia.com/csync/RX-d9ebdc7d-24aa-4bb0-897f-eb235edd80d3-003,
Endpoint,//sync.1rx.io/usersync/simplifi/7FB4F38E6DBC447BAD925612891C9336,
Endpoint,//investor.trinet.com/news/news-details/2020/TriNet-and-The-Harris-Poll-Reveal-Pulse-Survey-Results-on-State-of-Small-and-Medium-Size-Business-During-COVID-19/default.aspx#maincontent,
Endpoint,//sync.targeting.unrulymedia.com/csync/RX-ef5a4831-a0ff-4ed0-82fd-0b3a41d4601a-003,
Endpoint,//sync.targeting.unrulymedia.com/csync/RX-5ad5c193-8ae7-4503-b5ae-4a964a806157-003,
Endpoint,//investor.trinet.com/news/news-details/2021/TriNet-Announces-New-Product-Features-That-Enhance-the-Competitive-Edge-for-Small-and-Medium-Size-Businesses/default.aspx,
Endpoint,//sync.1rx.io/usersync/simplifi/208A385331A349188305DEDB2BF0533E,
Endpoint,//investor.trinet.com/news/news-details/2021/MEDIA-ALERT-TriNet-to-Host-Webinar-on-What-the-New-COVID-19-Stimulus-Package-Means-for-Small-and-Medium-Size-Businesses/default.aspx#maincontent,
Endpoint,//investor.trinet.com/news/news-details/2019/TriNet-Launches-Ad-Campaign-Celebrating-the-Unsung-Heroes-Driving-the-US-Economy--Small-and-Medium-Size-Businesses/default.aspx,
Endpoint,//sync.targeting.unrulymedia.com/csync/RX-25b59460-310a-4ed9-a8de-e69a7d441179-003,
Endpoint,//investor.trinet.com/news/news-details/2021/TriNet-Announces-Definitive-Agreement-to-Acquire-Zenefits/default.aspx#maincontent,
Endpoint,//investor.trinet.com/news/news-details/2016/TriNet-Announces-Delay-to-Annual-Report-on-Form-10-K/default.aspx,
Endpoint,//sync.targeting.unrulymedia.com/csync/RX-fe72de90-2298-46ed-b0e4-de85a04af238-003,
Endpoint,//sync.1rx.io/usersync/simplifi/D01A846BFBBE4D49B7FBB48F2084AA5E,
Endpoint,//sync.targeting.unrulymedia.com/csync/RX-4fc56854-a1db-44e2-9b72-5a95ee0f2ece-003,
Endpoint,//rise.trinet.com/app-726c38959f7e4632fa68.js,
Endpoint,//investor.trinet.com/news/news-details/2019/TriNet-to-Present-at-the-2019-JP-Morgan-Ultimate-Services-Investor-Conference/default.aspx#maincontent,
Endpoint,//d.agkn.com/pixel/10751/,
Endpoint,//investor.trinet.com/news/news-details/2018/TriNet-Announces-Senior-Secured-Credit-Facility-Refinancing/default.aspx#maincontent,
Endpoint,//sync.1rx.io/usersync/simplifi/0D35635AD916495FB974DA3A23F7CE6A,
Endpoint,//sync.1rx.io/usersync/simplifi/E3AA2B9686E1483DA2B2B299BEC01B5B,
Endpoint,//sync.1rx.io/usersync/simplifi/D0D9194F65B94330867AC6FE80A667F4,
Endpoint,//investor.trinet.com/news/news-details/2022/TriNet-Launches-Enhanced-Technology-Platform-to-Better-Serve-Small-and-Medium-Size-Businesses/default.aspx#maincontent,
Endpoint,//sync.targeting.unrulymedia.com/csync/RX-270278d1-5bdf-4e73-a942-5880377248ca-003,
Endpoint,//sync.1rx.io/usersync/simplifi/861F0ABE9025441EA6AE4CA19132AAAD,
Endpoint,//sync.targeting.unrulymedia.com/csync/RX-53f19623-bdcd-4930-aa5e-8b72b8b8a0a1-003,
Endpoint,//investor.trinet.com/news/news-details/2023/TriNet-Named-One-of-Americas-Greatest-Workplaces-for-Diversity-by-Newsweek/default.aspx#maincontent,
Endpoint,//sync.targeting.unrulymedia.com/csync/RX-74d5179a-da5b-4cee-9755-aef5d53d0dc6-003,
Endpoint,//sync.1rx.io/usersync/simplifi/6CDDAA8478CF4BF6ADCD680CF8CAB9CF,
Endpoint,//investor.trinet.com/news/news-details/2023/TriNet-Announces-Proposed-Private-Offering-of-500-Million-of-Senior-Notes-due-2031/default.aspx,
Endpoint,//www.youtube.com/embed/a18mqeshF00,
Endpoint,//investor.trinet.com/news/news-details/2021/TIMES-UP-CEO-Tina-Tchen-Joins-TriNet-PeopleForce-Roster-of-Distinguished-Speakers/default.aspx#maincontent,
Endpoint,//dev.visualwebsiteoptimizer.com/web/djIkYTo0LjA6bm9qcXVlcnksdHI6Ny4w/tag-8a3e6881f7038e0b8c372b75c73e0c26.js,
Endpoint,//sync.targeting.unrulymedia.com/csync/RX-712d0406-4c10-40a4-b778-45095ced1186-003,
Endpoint,//sync.targeting.unrulymedia.com/csync/RX-e6261276-9ad2-4035-9a22-5894f7e33689-003,
Endpoint,//sync.targeting.unrulymedia.com/csync/RX-22715447-be2c-4916-9a5a-a8fe80cc14a7-003,
Endpoint,//investor.trinet.com/events-and-presentations/event-details/2020/JP-Morgan-Ultimate-Services-Investor-Conference/default.aspx,
Endpoint,//dev.visualwebsiteoptimizer.com/web/djIkYTo0LjA6bm9qcXVlcnksdHI6Ny4w/tag-db7fbe44c771f1023b9d5ac62d25dfa7.js,
Endpoint,//investor.trinet.com/news/default.aspx#maincontent,
Endpoint,//investor.trinet.com/news/news-details/2021/TriNet-Releases-Latest-Version-of-Mobile-App-at-TriNet-PeopleForce/default.aspx#maincontent,
Endpoint,//d2genwge1af44w.cloudfront.net/assets/moments-bb2cd82b458131ca27ba9b2d74f6d9e576f5bf44.js,
Endpoint,//investor.trinet.com/investor-relations/#maincontent,
Endpoint,//sync.1rx.io/usersync/simplifi/A1B83108679A4F5E9D694BEFDF334207,
Endpoint,//sync.1rx.io/usersync/simplifi/D0E6C5F0E1584EE5B1FA16E1A902701D,
Endpoint,//sync.1rx.io/usersync/simplifi/1EC207C616764EAFB06C0DA5CCF47816,
Endpoint,//investor.trinet.com/news/news-details/2020/TriNet-to-Participate-at-the-J.P.-Morgan-Ultimate-Services-Investor-Conference/default.aspx#maincontent,
Endpoint,//investor.trinet.com/news/news-details/2018/TriNet-to-Participate-at-the-Morgan-Stanley-2018-Technology-Media--Telecom-Conference/default.aspx,
Endpoint,//tribl.io/footer.js,
Endpoint,//investor.trinet.com/news/news-details/2015/New-Alliance-Between-TriNet-and-B2B-CFO-Allows-SMBs-to-Receive-Best-in-Class-Financial-and-HR-Services-All-in-One-Place/default.aspx,
Endpoint,//investor.trinet.com/events-and-presentations/event-details/2019/Stifel-2019-Cross-Sector-Insight-Conference/default.aspx,
Endpoint,//sync.targeting.unrulymedia.com/csync/RX-4a4d6ce1-dbd1-4b01-8f6e-b81588b443b1-003,
Endpoint,//sync.targeting.unrulymedia.com/csync/RX-2248eeb8-cc34-43ad-bc31-f90e5c035d08-003,
Endpoint,//sync.1rx.io/usersync/simplifi/A2047325E1D847F9B7C8E2CEFDB3405E,
Endpoint,//sync.1rx.io/usersync/simplifi/6D85B6DFC2F9454BBFA5794F72655E30,
Endpoint,//sync.1rx.io/usersync/simplifi/5A3C0BA951F449588F24A3B44601FE2F,
Endpoint,//investor.trinet.com/news/news-details/2022/TriNet-to-Report-First-Quarter-2022-Financial-Results-on-April-26/default.aspx#maincontent,
Endpoint,//sync.targeting.unrulymedia.com/csync/RX-679b4cd1-de33-4633-acab-30e4feb85ce0-003,
Endpoint,//investor.trinet.com/news/news-details/2024/TriNet-Announces-Fourth-Quarter-Fiscal-Year-2023-Results-and-Dividend-Initiation/default.aspx,
Endpoint,//sync.1rx.io/usersync/simplifi/B6ED1CBDD26840488F614AD129DBA7FA,
Endpoint,//sync.targeting.unrulymedia.com/csync/RX-d14c57d7-196e-4d9a-9f03-fe21b5cc9df7-003,
Endpoint,//investor.trinet.com/news/news-details/2020/Former-U.S.-President-Joins-TriNet-PeopleForce/default.aspx,
Endpoint,//sync.1rx.io/usersync/simplifi/716240680E634E0CA599EDFC37AF430D,
Endpoint,//sync.1rx.io/usersync/simplifi/057CB3ED6E2F41909E982BDC333A17D8,
Endpoint,//investor.trinet.com/events-and-presentations/event-details/2015/JP-Morgan-Global-Technology-Media-and-Telecom-Conference/default.aspx,
Endpoint,//player.vimeo.com/video/819283912,
Endpoint,//investor.trinet.com/news/news-details/2021/TriNet-Launches-Connect-360-An-Innovative-New-Service-Model-to-Better-Serve-Small-and-Medium-Size-Businesses/default.aspx#maincontent,
Endpoint,//sync.targeting.unrulymedia.com/csync/RX-9897f9cc-d768-44e9-a8dd-84fd69e65e0a-003,
Endpoint,//sync.targeting.unrulymedia.com/csync/RX-1b7a7ad6-a334-44e8-8f1d-43baf7f2b385-003,
Endpoint,//sync.1rx.io/usersync/simplifi/5DDA56EC3D7542CD99C4B4F3802880A6,
Endpoint,//investor.trinet.com/news/news-details/2023/TriNet-Announces-Second-Quarter-2023-Results/default.aspx#maincontent,
Endpoint,//investor.trinet.com/news/news-details/2015/TriNet-Appoints-Paul-Chamberlain-to-Board-of-Directors/default.aspx,
Endpoint,//investor.trinet.com/news/news-details/2017/TriNet-Presents-Juggle-the-Struggle-in-Denver/default.aspx#maincontent,
Endpoint,//sync.1rx.io/usersync/simplifi/A99E923D1F4F43E587693D66578CC1FD,
Endpoint,//sync.targeting.unrulymedia.com/csync/RX-d68334a2-7a95-4abc-995e-97d01091457e-003,
Endpoint,//investor.trinet.com/news/news-details/2022/TriNet-Announces-Second-Quarter-2022-Results/default.aspx,
Endpoint,//investor.trinet.com/events-and-presentations/event-details/2021/TriNet-Third-Quarter-2021-Financial-Results/default.aspx#maincontent,
Endpoint,//sync.1rx.io/usersync/simplifi/9CE1837B85234D4891755353083B85D3,
Endpoint,//investor.trinet.com/events-and-presentations/event-details/2021/JP-Morgan-2021-Ultimate-Services-Investor-Conference/default.aspx,
Endpoint,//investor.trinet.com/news/news-details/2016/TriNet-Group-Inc-Announces-Retirement-of-CFO-Bill-Porter/default.aspx,
Endpoint,//sync.targeting.unrulymedia.com/csync/RX-b2315767-6cae-44cc-8645-12e4af198e9b-003,
Endpoint,//investor.trinet.com/news/news-details/2023/U.S.-Small-Business-Administrator-Isabella-Casillas-Guzman-to-Speak-at-TriNet-PeopleForce-2023/default.aspx#maincontent,
Endpoint,//www.youtube.com/embed/OIAJnDVtixo,
Endpoint,//investor.trinet.com/news/news-details/2021/TriNet-Introduces-Content-Series-to-Educate-and-Drive-Engagement-on-Diversity-Equity-and-Inclusion/default.aspx#maincontent,
Endpoint,//investor.trinet.com/news/news-details/2020/Scammers-are-Using-COVID-19-to-Target-Everyone-Including-Small-and-Medium-Size-Businesses-and-Their-Employees/default.aspx#maincontent,
Endpoint,//sync.1rx.io/usersync/simplifi/772048C3DC334842A75A355F3731F5A6,
Endpoint,//investor.trinet.com/news/news-details/2023/TriNet-Named-One-of-Americas-Greatest-Workplaces-for-Diversity-by-Newsweek/default.aspx,
Endpoint,//investor.trinet.com/news/news-details/2020/Critical-Business-Insights-for-SMBs-from-Distinguished-Speakers-Business-Leaders-and-Prominent-Thought-Leaders-Were-Shared-at-TriNet-PeopleForce/default.aspx#maincontent,
Endpoint,//investor.trinet.com/events-and-presentations/event-details/2018/Stifel-2018-Cross-Sector-Insight-Conference-/default.aspx#maincontent,
Endpoint,//investor.trinet.com/news/news-details/2022/TriNet-Zenefits-Expands-Applicant-Tracking-and-People-Analytics-Capabilities-Through-Collaborations-with-JazzHR-and-Visier/default.aspx#maincontent,
Endpoint,//investor.trinet.com/news/news-details/2013/TriNet-Files-Registration-Statement-for-Proposed-Initial-Public-Offering-of-Common-Stock/default.aspx#maincontent,
Endpoint,//sync.targeting.unrulymedia.com/csync/RX-be5f41d7-8995-4e52-a385-cd7901a628e5-003,
Endpoint,//sync.targeting.unrulymedia.com/csync/RX-8e1f2955-e213-4c6e-a83b-4bfff4fa26ba-003,
Endpoint,//sync.targeting.unrulymedia.com/csync/RX-418efbc0-9561-4e24-a917-3c030cd45ae1-003,
Endpoint,//investor.trinet.com/events-and-presentations/event-details/2015/TriNet-First-Quarter-2015-Financial-Results/default.aspx,
Endpoint,//sync.1rx.io/usersync/simplifi/4F2865EBD1374F6AA442C3B7600D20A3,
Endpoint,//sync.1rx.io/usersync/simplifi/BCF27760D2B341D8B3D7111F66D0F8F6,
Endpoint,//investor.trinet.com/events-and-presentations/event-details/2018/TriNet-Fourth-Quarter-2017-Financial-Results/default.aspx,
Endpoint,//js.zi-scripts.com/zi-tag.js,
Endpoint,//investor.trinet.com/news/news-details/2021/Multi-Platinum-Recording-Artist-and-Songwriter-Daniel-Powter-Joins-TriNet-PeopleForce-Roster-of-Distinguished-Speakers/default.aspx,
Endpoint,//investor.trinet.com/news/news-details/2016/TriNet-Insights-Presents-ACA-Over-Drinks-in-Denver/default.aspx,
Endpoint,//investor.trinet.com/events-and-presentations/event-details/2021/TriNet-Third-Quarter-2021-Financial-Results/default.aspx,
Endpoint,//sync.1rx.io/usersync/simplifi/79DF552A62F045ECAC3B3EE42143DD92,
Endpoint,//sync.1rx.io/usersync/simplifi/5969C6F4D9BB414484C84CDF7E15DCF4,
Endpoint,//investor.trinet.com/news/news-details/2022/TriNet-Announces-Two-Key-Executive-Appointments/default.aspx#maincontent,
Endpoint,//sync.targeting.unrulymedia.com/csync/RX-bfa809bf-7780-45e5-9be6-7c0b94739dd0-003,
Endpoint,//sync.1rx.io/usersync/simplifi/315EEBA8CA954AE0B94ECDF438FCA39C,
Endpoint,//investor.trinet.com/news/news-details/2021/TriNet-Webinar-Series-Working-in-the-New-Normal---Part-2-Practical-Solutions-to-Common-Wage-and-Hour-Issues-in-California/default.aspx#maincontent,
Endpoint,//investor.trinet.com/news/news-details/2019/TriNet-to-Report-Fourth-Quarter-and-Full-Year-2018-Financial-Results-on-February-14/default.aspx#maincontent,
Endpoint,//investor.trinet.com/news/news-details/2016/Entrepreneurs-HR-Product-Users-Name-TriNet-a-Best-Core-HR-Software-Option-for-Midsize-Companies/default.aspx#maincontent,
Endpoint,//calculators.symmetry.com/widget/js/hourly.js,
Endpoint,//sync.targeting.unrulymedia.com/csync/RX-d8693717-4c63-47c2-9294-b36b20f607ea-003,
Endpoint,//investor.trinet.com/events-and-presentations/event-details/2018/JP-Morgan-Ultimate-Services-Investor-Conference-November2018/default.aspx#maincontent,
Endpoint,//investor.trinet.com/events-and-presentations/event-details/2019/Stifel-2019-Cross-Sector-Insight-Conference/default.aspx#maincontent,
Endpoint,//sync.1rx.io/usersync/simplifi/A3B69D57078D4D3BA29E19B9BAECDD7A,
Endpoint,//c212.net/c/img/favicon.png,Static
Endpoint,//sync.targeting.unrulymedia.com/csync/RX-f7cd238b-c60b-4851-9e32-01e48e3282de-003,
Endpoint,//investor.trinet.com/news/news-details/2015/TriNet-to-Participate-at-the-William-Blair--Co-Growth-Stock-Conference/default.aspx,
Endpoint,//sync.targeting.unrulymedia.com/csync/RX-31edca30-a2a1-447b-943f-109b4d0ae48e-003,
Endpoint,//investor.trinet.com/news/news-details/2017/TriNet-to-Report-Third-Quarter-Financial-Results-on-November-2/default.aspx#maincontent,
Endpoint,//sync.targeting.unrulymedia.com/csync/RX-ae070f25-ba2e-40cf-a86a-bd9c934162da-003,
Endpoint,//sync.1rx.io/usersync/simplifi/5B98B8F9BA05492AA224EB10A88DCA8F,
Endpoint,//investor.trinet.com/news/news-details/2019/TriNet-Recognized-as-a-Top-PEO-Company-for-Small-Business/default.aspx#maincontent,
Endpoint,//investor.trinet.com/news/news-details/2015/TriNet-to-Participate-at-the-Morgan-Stanley-Technology-Media-and-Telecom-Investor-Conference/default.aspx,
Endpoint,//sync.1rx.io/usersync/simplifi/9A6A5301F00849EA92C59A11731C6F37,
Endpoint,//sync.1rx.io/usersync/simplifi/F4ECA18CB44345AA84F24E5FB6385396,
Endpoint,//investor.trinet.com/news/news-details/2015/Recent-Report-Names-TriNet-Expense-as-a-Leading-Expense-Software-Solution-for-Business-Professionals/default.aspx#maincontent,
Endpoint,/tag-6029467e88bfac7f32791522a79ce564.js,
Endpoint,//investor.trinet.com/news/news-details/2014/CEO-World-Awards-Names-TriNet-CEO-Burton-Goldfield-Gold-Award-Winner-in-CEO-of-the-Year-Category/default.aspx#maincontent,
Endpoint,//investor.trinet.com/investor-relations/default.aspx#1,
Endpoint,//investor.trinet.com/events-and-presentations/event-details/2017/Morgan-Stanley-2017-Technology-Media--Telecom-Conference/default.aspx,
Endpoint,//investor.trinet.com/news/news-details/2014/TriNet-Announces-Third-Quarter-Fiscal-2014-Results/default.aspx#maincontent,
Endpoint,//investor.trinet.com/news/news-details/2021/TriNet-Provides-Donation-to-Hire-Heroes-USA-Supporting-Service-Members-Veterans-and-Military-Spouses/default.aspx,
Endpoint,//sync.1rx.io/usersync/simplifi/96A3C30A5FA74785B67B0B58AE8624CA,
Endpoint,//sync.targeting.unrulymedia.com/csync/RX-427068d2-e8bd-4ac8-94f8-4964bc45a816-003,
Endpoint,//www.youtube.com/embed/fAq64Lo2gjU,
Endpoint,//sync.targeting.unrulymedia.com/csync/RX-605145e9-ee5d-4b0a-aa87-bdf362a7063a-003,
Endpoint,//sync.targeting.unrulymedia.com/csync/RX-d675b46e-136f-42b5-9cec-6d806513b90f-003,
Endpoint,//investor.trinet.com/news/news-details/2021/Michelle-Obama-Added-to-TriNet-PeopleForce-Roster-of-Esteemed-Speakers/default.aspx,
Endpoint,//sync.1rx.io/usersync/simplifi/C45111C85FC14F91AF8A81E89AD23B02,
Endpoint,//sync.targeting.unrulymedia.com/csync/RX-920c9eca-6801-4fa5-9d77-454f882ee4ee-003,
Endpoint,//sync.targeting.unrulymedia.com/csync/RX-4f6ee69d-9672-495d-a80f-f8e4c9c93dd4-003,
Endpoint,//investor.trinet.com/news/news-details/2021/World-Renowned-Photographer-Annie-Leibovitz-Joins-TriNet-PeopleForce-Roster-of-Distinguished-Speakers/default.aspx#maincontent,
Endpoint,//investor.trinet.com/news/news-details/2017/TriNet-Announces-Second-Quarter-2017-Results/default.aspx#maincontent,
Endpoint,//investor.trinet.com/news/news-details/2014/California-Forecasted-to-Add-More-Than-10000-Construction-Jobs-by-End-of-2014/default.aspx,
Endpoint,//investor.trinet.com/news/news-details/2022/TriNet-Completes-Acquisition-ofZenefits/default.aspx#maincontent,
Endpoint,//investor.trinet.com/events-and-presentations/event-details/2019/TriNet-First-Quarter-2019-Financial-Results/default.aspx,
Endpoint,//sync.targeting.unrulymedia.com/csync/RX-524cb5cb-7565-4111-a52e-e4b7436525c8-003,
Endpoint,//sync.1rx.io/usersync/simplifi/1F3569377BE1494C86F98668E86FAD3F,
Endpoint,//investor.trinet.com/news/news-details/2019/TriNet-Board-Member-Katherine-August-deWilde-Named-to-WomenIncs-Annual-List-of-Most-Influential-Corporate-Board-Directors/default.aspx#maincontent,
Endpoint,//sync.1rx.io/usersync/simplifi/BACB20C7D40A4A689EA337C4F995D0B6,
Endpoint,//sync.targeting.unrulymedia.com/csync/RX-4725b060-b39a-4fc2-a8b8-0eb6dcaa7863-003,
Endpoint,//sync.targeting.unrulymedia.com/csync/RX-0aba4be9-d49a-41d5-9d85-ead838f2fa39-003,
Endpoint,//www.youtube.com/embed/Shdf-GXy_Pk,
Endpoint,//sync.targeting.unrulymedia.com/csync/RX-7d895450-ccc9-4e07-b8b3-5e9e2cb220e3-003,
Endpoint,//investor.trinet.com/news/news-details/2016/TriNet-Acquires-Teleborder-Expands-Services-for-Companies-Hiring-International-Employees/default.aspx#maincontent,
Endpoint,//investor.trinet.com/events-and-presentations/event-details/2018/Investor-Presentation-August/default.aspx,
Endpoint,//sync.1rx.io/usersync/simplifi/C3F393FF32CE42BC8592BE29E2266810,
Endpoint,//sync.1rx.io/usersync/simplifi/BF3CE75309084E38BD26463F4FD63B7A,
Endpoint,//sync.1rx.io/usersync/simplifi/06D8CF7231104D7EB163194B3BC17795,
Endpoint,//investor.trinet.com/news/news-details/2023/TriNet-Announces-Second-Quarter-2023-Results/default.aspx,
Endpoint,//investor.trinet.com/news/news-details/2022/TriNet-to-Participate-at-the-Credit-Suisse-26th-Annual-Technology-Conference/default.aspx#maincontent,
Endpoint,//investor.trinet.com/news/news-details/2023/TriNet-Announces-Fourth-Annual-TriNet-PeopleForce-2023-Kicking-Off-September-12-14-in-New-York/default.aspx#maincontent,
Endpoint,//investor.trinet.com/news/news-details/2022/TriNet-Group-Inc.-Announces-Preliminary-Results-of-its-Modified-Dutch-Auction-Tender-Offer-e51310fc2/default.aspx#maincontent,
Endpoint,//sync.1rx.io/usersync/simplifi/B4AC7FFAAF3241F5ABD05DCCE6736538,
Endpoint,//sync.targeting.unrulymedia.com/csync/RX-fcea798f-8d43-4d64-9c7f-f89ce1b647c3-003,
Endpoint,//investor.trinet.com/investor-relations/#2,
Endpoint,//sync.targeting.unrulymedia.com/csync/RX-63f6afb1-1a34-406a-8618-a0be7ea6c0f7-003,
Endpoint,//investor.trinet.com/events-and-presentations/event-details/2023/TriNet-Fourth-Quarter-2022-Financial-Results/default.aspx,
Endpoint,//sync.1rx.io/usersync/simplifi/F31A447BED1C465794BE9583B6080B2E,
Endpoint,//sync.targeting.unrulymedia.com/csync/RX-170d7e7f-5bdc-4cbe-87df-cefc300820b3-003,
Endpoint,//investor.trinet.com/news/news-details/2022/TriNet-Webinar-California-Employment-Law-Challenges-to-Keep-Top-of-Mind-and-Whats-New-in-2022/default.aspx#maincontent,
Endpoint,//sync.1rx.io/usersync/simplifi/A594F01EEBB24F8F8682EFB7C6A89A2B,
Endpoint,//sync.1rx.io/usersync/simplifi/84C1D8EC24734F0E9A3621438FBB6969,
Endpoint,//sync.targeting.unrulymedia.com/csync/RX-983d4242-2e9b-4497-ae01-7036a7cf9803-003,
Endpoint,//investor.trinet.com/news/news-details/2015/TriNet-SMBeat-Introduces-Employment-Index-Updated-Format-New-Features/default.aspx,
Endpoint,//sync.targeting.unrulymedia.com/csync/RX-c690d6b3-4852-4db8-982f-36e92e01bc26-003,
Endpoint,//investor.trinet.com/news/news-details/2021/TriNet-to-Host-Webinar-on-the-Importance-of-Data-Privacy-for-Small-and-Medium-Size-Businesses/default.aspx#maincontent,
Endpoint,//investor.trinet.com/news/news-details/2014/Dice-Holdings-Announces-Appointment-of-Burton-M-Goldfield-to-Board-of-Directors/default.aspx#maincontent,
Endpoint,//sync.targeting.unrulymedia.com/csync/RX-71372146-a520-4fdb-8b62-8f7c8c4c9fba-003,
Endpoint,//sync.1rx.io/usersync/simplifi/5870794C530D40379A35C9676A864641,
Endpoint,//investor.trinet.com/news/2022/default.aspx#maincontent,
Endpoint,//investor.trinet.com/news/news-details/2023/TriNet-Debuts-New-Episode-of-TriNet-PeopleForce-Podcast-with-Michael-Mendenhall-Featuring-Dr.-Brook-Parker-Bello-More-Too-Life-Founder-and-CEO/default.aspx#maincontent,
Endpoint,//investor.trinet.com/events-and-presentations/event-details/2017/TriNet-Third-Quarter-2017-Financial-Results/default.aspx,
Endpoint,//investor.trinet.com/news/news-details/2018/TriNet-Reports-Fourth-Quarter--Fiscal-Year-2017-Results/default.aspx,
Endpoint,//investor.trinet.com/news/news-details/2022/TriNet-and-The-Harris-Poll-Reveal-Survey-Results-Highlighting-Perception-on-State-of-Economy-from-Small-and-Medium-Size-Business-Leaders/default.aspx,
Endpoint,//sync.targeting.unrulymedia.com/csync/RX-5e8a8857-6e56-44d0-9cf1-f314da6dd40a-003,
Endpoint,//player.vimeo.com/video/892059414,
Endpoint,//investor.trinet.com/news/news-details/2016/TriNet-Insights-Presents-ACA-Over-Lunch-in-Orlando/default.aspx,
Endpoint,//investor.trinet.com/news/news-details/2015/TriNet-Announces-First-Quarter-Fiscal-2015-Results/default.aspx,
Endpoint,//sync.targeting.unrulymedia.com/csync/RX-96b994a4-0f25-43f6-8ca8-d9b618cfbda2-003,
Endpoint,//rise.trinet.com/styles-4ec463f3d0730c3d1a14.js,
Endpoint,//sync.1rx.io/usersync/simplifi/46C430AD076D4DF59E4A34910A89C72E,
Endpoint,//sync.1rx.io/usersync/simplifi/BAC6686996B04ADA997541D682CF7282,
Endpoint,//sync.targeting.unrulymedia.com/csync/RX-ab8e58e0-c5bc-4aab-b975-26f3c3eeaf0c-003,
Endpoint,//sync.1rx.io/usersync/simplifi/87287D353E494C9089DEAB72FE0F7F04,
Endpoint,//sync.targeting.unrulymedia.com/csync/RX-f6fcdc14-65f7-4a65-85b3-8c9e06cd6f46-003,
Endpoint,//investor.trinet.com/news/news-details/2020/TriNet-Announces-Fourth-Quarter-Fiscal-Year-2019-Results-300-Million-Increase-to-Stock-Repurchase-Program-and-CFO-Transition/default.aspx#maincontent,
Endpoint,//investor.trinet.com/news/news-details/2020/TriNet-Webinar-Series-Bridging-the-Cash-Flow-Gap--Funding-Options/default.aspx#maincontent,
Endpoint,//investor.trinet.com/news/news-details/2020/TriNet-to-Participate-at-the-Berenberg-US-CEO-Conference-2020/default.aspx,
Endpoint,//investor.trinet.com/events-and-presentations/event-details/2015/TriNet-First-Quarter-2015-Financial-Results/default.aspx#maincontent,
Endpoint,//investor.trinet.com/news/news-details/2021/Renowned-Brain-Coach-Jim-Kwik-Joins-Roster-of-Innovative-Thought-Leaders-Appearing-at-TriNet-PeopleForce/default.aspx#maincontent,
Endpoint,//player.vimeo.com/video/442885740,
Endpoint,//investor.trinet.com/news/news-details/2020/TriNet-and-The-Harris-Poll-Reveal-Pulse-Survey-Results-Highlighting-the-Current-State-of-Employee-Productivity-and-Work-Life-Balance-for-Small-and-Medium-Size-Businesses-During-COVID-19/default.aspx,
Endpoint,//sync.targeting.unrulymedia.com/csync/RX-96cf337f-5c81-489b-a948-f1fa8d3bcb7e-003,
Endpoint,//b.6sc.co/v1/beacon/img.gif,API|Static
Endpoint,//investor.trinet.com/news/news-details/2021/TriNet-Introduces-Content-Series-to-Educate-and-Drive-Engagement-on-Diversity-Equity-and-Inclusion/default.aspx,
Endpoint,//investor.trinet.com/news/news-details/2022/TriNet-Webinar-The-Complexity-of-a-Post-Dobbs-Workplace---What-SMBs-Need-to-Know/default.aspx,
Endpoint,//player.vimeo.com/video/594727439,
Endpoint,//sync.targeting.unrulymedia.com/csync/RX-9b6a437e-d20e-44d3-94d8-8bd4a61ad9b1-003,
Endpoint,//sync.targeting.unrulymedia.com/csync/RX-09362150-9f5f-4227-a06b-c7a8a9279fa8-003,
Endpoint,//investor.trinet.com/events-and-presentations/event-details/2017/JP-Morgan-2017-Ultimate-Services-Investor-Conference/default.aspx#maincontent,
Endpoint,//investor.trinet.com/news/news-details/2016/MEDIA-ALERT-TriNet-and-PivotDesk-Present-Revolutionizing-Company-Culture/default.aspx,
Endpoint,//bat.bing.com/actionp/0,
Endpoint,//investor.trinet.com/news/news-details/2024/TriNet-Issues-Correction-to-Previously-Announced-Ex-Dividend-Date/default.aspx#maincontent,
Endpoint,//sync.1rx.io/usersync/simplifi/4790DF49B1DC46CE846CDA311C21677B,
Endpoint,//investor.trinet.com/news/news-details/2021/TriNet-Announces-Third-Quarter-2021-Results/default.aspx#maincontent,
Endpoint,//investor.trinet.com/news/news-details/2019/TriNet-Announces-Second-Quarter-2019-Results/default.aspx#maincontent,
Endpoint,//investor.trinet.com/news/news-details/2017/TriNet-Presents-Juggle-the-Struggle-in-Los-Angeles/default.aspx,
Endpoint,//investor.trinet.com/news/news-details/2014/TriNet-Prices-Secondary-Offering/default.aspx#maincontent,
Endpoint,//investor.trinet.com/news/news-details/2021/TriNet-Wins-Three-Global-ACE-Awards-Including-Best-in-Show/default.aspx,
Endpoint,//investor.trinet.com/news/news-details/2021/TriNet-Announces-Appointment-of-Veteran-Board-Member-Business-Leader-and-Venture-Capitalist-Myrna-Soto-to-its-Board-of-Directors/default.aspx,
Endpoint,//sync.1rx.io/usersync/simplifi/B7A4B7DC7219495BB31387CEBD050D16,
Endpoint,//sync.targeting.unrulymedia.com/csync/RX-72873e50-cfba-45ab-bc6e-a1627c4448a5-003,
Endpoint,//d2genwge1af44w.cloudfront.net/assets/moments-0940d92375479e143e4bf7166c9e6e4ed18aac6b.js,
Endpoint,//www.executiveinterviews.com/delivery/v1/mini/default.asp,API
Endpoint,//sync.1rx.io/usersync/simplifi/D1FE1569A53049FBADF4DA85E34D38CE,
Endpoint,//sync.targeting.unrulymedia.com/csync/RX-3123aad5-bab5-4908-9a29-1a4765efb614-003,
Endpoint,//investor.trinet.com/news/news-details/2024/TriNet-to-Celebrate-Ten-Years-as-Public-Company-with-Ringing-of-Closing-Bell-at-the-New-York-Stock-Exchange-on-March-27/default.aspx#maincontent,
Endpoint,//investor.trinet.com/news/news-details/2023/TriNet-Launches-New-Website-That-Provides-Small-and-Medium-Size-Businesses-with-Powerful-HR-Solutions/default.aspx,
Endpoint,//investor.trinet.com/news/news-details/2020/TriNet-Launches-Mobile-App-That-Simplifies-Open-Enrollment-for-Todays-Increasingly-Distributed-SMB-Workforce/default.aspx,
Endpoint,//sync.1rx.io/usersync/simplifi/3DF2B848410E4BE6A809D1FE4DA28429,
Endpoint,//investor.trinet.com/news/news-details/2015/American-Business-Awards-Recognizes-TriNet-Cloud-With-Three-Stevie-Awards-for-Its-Expense-and-Performance-Management-Software/default.aspx#maincontent,
Endpoint,//investor.trinet.com/events-and-presentations/event-details/2019/TriNet-Second-Quarter-2019-Financial-Results/default.aspx,
Endpoint,//sync.1rx.io/usersync/simplifi/B637A97BA96B43A38B88853EA2D41066,
Endpoint,//sync.targeting.unrulymedia.com/csync/RX-8b185fc6-485a-4955-be1c-a287d67a970e-003,
Endpoint,//www.googletagmanager.com/gtag/destination,
Endpoint,//sync.targeting.unrulymedia.com/csync/RX-80a3659c-9742-459a-ad0c-857cc93cf729-003,
Endpoint,//investor.trinet.com/news/news-details/2020/TriNet-to-Report-Second-Quarter-2020-Financial-Results-on-July-27/default.aspx#maincontent,
Endpoint,//dev.visualwebsiteoptimizer.com/web/djIkYTo0LjA6bm9qcXVlcnksdHI6Ny4w/tag-04fee794693d78a074682dce7bb80735.js,
Endpoint,//sync.1rx.io/usersync/simplifi/C7380F9B9AD047FCBB17F792A36D4A5B,
Endpoint,//investor.trinet.com/news/news-details/2022/TriNet-Supports-LGBTQ-Entrepreneurs-with-Donation-to-StartOut/default.aspx#maincontent,
Endpoint,//investor.trinet.com/news/news-details/2015/TriNet-Announces-Third-Quarter-Fiscal-2015-Results/default.aspx#maincontent,
Endpoint,//rise.trinet.com/532a2f07-fd7df0722775f67842c7.js,
Endpoint,//investor.trinet.com/investor-relations/#section,
Endpoint,//investor.trinet.com/news/news-details/2014/TriNet-to-Participate-at-the-JP-Morgan-Ultimate-Services-Investor-Conference/default.aspx#maincontent,
Endpoint,//sync.targeting.unrulymedia.com/csync/RX-7464eb52-0bcc-4d92-a73c-40fe2877bd5c-003,
Endpoint,//sync.targeting.unrulymedia.com/csync/RX-a2dd6b7c-9c9e-4e08-af83-d1f87ea088b7-003,
Endpoint,//investor.trinet.com/news/news-details/2014/Retail-Sector-Forecasted-to-Add-Nearly-30000-Jobs-by-End-of-2014/default.aspx,
Endpoint,//sync.targeting.unrulymedia.com/csync/RX-45122951-5bb6-48ff-8a26-48d7c022f8ca-003,
Endpoint,//investor.trinet.com/news/news-details/2017/TriNet-to-Participate-at-the-Deutsche-Bank-2017-Technology-Conference/default.aspx,
Endpoint,//investor.trinet.com/events-and-presentations/event-details/2024/TriNet-Fourth-Quarter-2023-Financial-Results/default.aspx#maincontent,
Endpoint,//aa.agkn.com/adscores/g.pixel,
Endpoint,//sync.1rx.io/usersync/simplifi/3740534DA6744FC2B95EE39C7CB144A5,
Endpoint,//www.trinet.com/_astro/Confirmation.591d409f.js,
Endpoint,//sync.1rx.io/usersync/simplifi/DD34985BE49C492C9C79882844617775,
Endpoint,//investor.trinet.com/industry-solutions/,
Endpoint,//sync.1rx.io/usersync/simplifi/3C656D5CB9544C44987C66B52DAAB6D4,
Endpoint,//investor.trinet.com/news/news-details/2021/World-Premiere-Ballet-by-Acclaimed-Dancers-to-Kick-off-TriNet-PeopleForce-2021/default.aspx,
Endpoint,//sync.1rx.io/usersync/simplifi/0ACE53A9019A4BF0B0515AC4FA70C1D4,
Endpoint,//sync.1rx.io/usersync/simplifi/4E88B8811A00475FA2EF43CBBC77DB46,
Endpoint,//sync.targeting.unrulymedia.com/csync/RX-8a1973d4-3333-4bb7-bf9c-56b1dffd2df0-003,
Endpoint,//sync.1rx.io/usersync/simplifi/A408EAED8ABA4F69B70B8748B18DAF1E,
Endpoint,//sync.1rx.io/usersync/simplifi/150831CCD3A24BC087BF00B00F4EFEF3,
Endpoint,//www.youtube.com/embed/rgiTu0RiiGk,
Endpoint,//investor.trinet.com/news/news-details/2019/TriNet-Reports-Fourth-Quarter-Fiscal-Year-2018-Results--300-Million-Increase-to-Stock-Repurchase-Program/default.aspx#maincontent,
Endpoint,//investor.trinet.com/news/news-details/2015/TriNet-to-Report-Fourth-Quarter-and-Full-Year-2014-Financial-Results-on-March-3/default.aspx#maincontent,
Endpoint,//investor.trinet.com/investor-relations/default.aspx#2,
Endpoint,//sync.targeting.unrulymedia.com/csync/RX-4c4ce08b-5c37-4286-9a28-b475d7f6a590-003,
Endpoint,//sync.1rx.io/usersync/simplifi/FC82350CDE584AE5905F652F27C60864,
Endpoint,//sync.1rx.io/usersync/simplifi/0E23485F65454442B59D5235AC5F4D60,
Endpoint,//sync.1rx.io/usersync/simplifi/6D3E023C1AC9465FA774503FE66A28B2,
Endpoint,//sync.1rx.io/usersync/simplifi/AF6ADF0A4EB24D81BA8E4AA6EA53AC9D,
Endpoint,//player.vimeo.com/video/915322649,
Endpoint,//investor.trinet.com/news/news-details/2023/TriNet-Group-Inc.-Commences-a-Fixed-Price-Tender-Offer-to-Repurchase-up-to-5981308-Shares-Representing-Approximately-640-million-in-Value-of-Shares/default.aspx,
Endpoint,//sync.1rx.io/usersync/simplifi/C16AA581D8D041C8BFA665B5427DBCAB,
Endpoint,//investor.trinet.com/news/news-details/2020/TriNet-to-Report-Fourth-Quarter-and-Full-Year-2019-Financial-Results-on-February-13/default.aspx#maincontent,
Endpoint,//calculators.symmetry.com/widget/css/fonts/bootstrap-icons.woff2,Static
Endpoint,//player.vimeo.com/video/803985638,
Endpoint,//investor.trinet.com/news/news-details/2023/TriNet-Announces-Donation-to-NAACP-Supporting-Black-Business-Owners-and-Entrepreneurs/default.aspx#maincontent,
Endpoint,//sync.1rx.io/usersync/simplifi/55553EDA050C4CE7BC1B16A8A72AE5BE,
Endpoint,//sync.1rx.io/usersync/simplifi/3FFA73F5BB9F4CEE915A409E97462B31,
Endpoint,//investor.trinet.com/news/news-details/2021/TriNet-Wins-Gold-Stevie-Award-for-its-Inaugural-PeopleForce-Conference/default.aspx#maincontent,
Endpoint,//sync.targeting.unrulymedia.com/csync/RX-03db0edf-d4d3-48a7-8460-ae6470aa3630-003,
Endpoint,//player.vimeo.com/api/player.js,
Endpoint,//sync.targeting.unrulymedia.com/csync/RX-9ef7863b-b04e-43ee-aa1a-aa7e9b2dc429-003,
Endpoint,//sync.targeting.unrulymedia.com/csync/RX-0ea6017e-ffaf-4f98-93dc-280997da5bec-003,
Endpoint,//sync.1rx.io/usersync/simplifi/55CC4796461A489495D53560B5A51B41,
Endpoint,//investor.trinet.com/news/news-details/2015/TriNet-Recognized-for-Excellence-in-the-Workplace-With-a-Best-and-Brightest-in-Wellness-Award/default.aspx#maincontent,
Endpoint,//investor.trinet.com/news/news-details/2021/TriNet-Releases-its-Inaugural-Environmental-Social-and-Governance-Report/default.aspx#maincontent,
Endpoint,//investor.trinet.com/news/news-details/2022/Award-Winning-Actor-Musician-and-Entrepreneur-Riz-Ahmed-To-Speak-at-TriNet-PeopleForce-2022/default.aspx,
Endpoint,//calculators.symmetry.com/widget/fonts/glyphicons-halflings-regular.woff,Static
Endpoint,//sync.targeting.unrulymedia.com/csync/RX-e9318722-a8f1-4157-bed3-7efbbdfefdc9-003,
Endpoint,//sync.targeting.unrulymedia.com/csync/RX-5c31f60f-0c14-4d7b-a3f0-0c27517a3bd3-003,
Endpoint,//investor.trinet.com/news/news-details/2014/Report-Finds-CEOs-of-US-Small-and-Mid-size-Businesses-can-Spend-up-to-46-of-Time-on-HR-Issues/default.aspx#maincontent,
Endpoint,//sync.targeting.unrulymedia.com/csync/RX-a12fcc9e-222c-49cf-ac99-f172b244a887-003,
Endpoint,//sync.1rx.io/usersync/simplifi/FB51F55951894534BBD89AD11B32156A,
Endpoint,//sync.targeting.unrulymedia.com/csync/RX-95770a8f-26d6-4804-b84e-670db6dd2bbb-003,
Endpoint,//developers.trinet.com/js/main.6aa1b5007b048920.js,
Endpoint,//sync.1rx.io/usersync/simplifi/672905662DC74DED89B05787F9C70BF6,
Endpoint,//investor.trinet.com/news/news-details/2022/TriNet-PeopleForce-Returns-to-New-York-City-September-13-15/default.aspx,
Endpoint,//sync.targeting.unrulymedia.com/csync/RX-e629b60f-2a6c-44b6-842a-d5f54aa4d3d9-003,
Endpoint,//organizer.bizzabo.com/widgets/tickets/tickets.js,
Endpoint,//investor.trinet.com/news/news-details/2023/TriNet-to-Participate-at-the-Bank-of-America-2023-Information--Business-Services-Conference/default.aspx#maincontent,
Endpoint,//investor.trinet.com/news/news-details/2022/TriNet-Adds-New-York-Times-Best-Selling-Author-and-Feminist-Activist-Gloria-Steinem-World-Renowned-Chef-and-Humanitarian-Jos-Andrs-and-Former-Ukrainian-Press-Secretary-Iuliia-Mendel-to-Roster-of-Esteemed-Speakers-at-TriNet-PeopleForce/default.aspx#maincontent,
Endpoint,//investor.trinet.com/news/news-details/2014/TriNet-Announces-30-Million-Increase-to-Stock-Repurchase-Program/default.aspx,
Endpoint,//player.vimeo.com/video/907509557,
Endpoint,//sync.targeting.unrulymedia.com/csync/RX-e56dce3d-cd07-4bd0-b699-6ec623a4e490-003,
Endpoint,//sync.1rx.io/usersync/simplifi/D088CB3A0C314BDCA44F6D1ABAF2B44B,
Endpoint,//investor.trinet.com/news/news-details/2018/Idahos-Small-and-Midsize-Businesses-Gain-Access-to-Industry-Leading-HR-Solutions-as-TriNet-Expands-into-Boise/default.aspx,
Endpoint,//sync.1rx.io/usersync/simplifi/58E04A8E3659420AB159A8FA490E360D,
Endpoint,//sync.1rx.io/usersync/simplifi/192EF5238C68483798C008C2ED66E334,
Endpoint,//sync.targeting.unrulymedia.com/csync/RX-78a0ee86-5b75-4b16-bdc8-4e2c2f90f748-003,
Endpoint,//investor.trinet.com/news/news-details/2020/TriNet-Bolsters-HR-Solution-to-Further-Help-SMBs-Amid-COVID-19/default.aspx,
Endpoint,//investor.trinet.com/news/news-details/2016/TriNet-Announces-First-Quarter-Fiscal-2016-Results/default.aspx#maincontent,
Endpoint,//sync.1rx.io/usersync/simplifi/DEB58019F47E4CD992A4EBE9457B6442,
Endpoint,//sync.1rx.io/usersync/simplifi/D55D132F57C7485EB94105E434D72E66,
Endpoint,//investor.trinet.com/news/news-details/2015/TriNet-Announces-Second-Quarter-Fiscal-2015-Results/default.aspx,
Endpoint,//sync.1rx.io/usersync/simplifi/0347C8CD648D45DF8D162D852785C5A7,
Endpoint,//investor.trinet.com/news/news-details/2016/TriNets-Mobile-Offerings-and-Social-Responsibility-Activities-Recognized-for-Excellence-by-the-American-Business-Awards/default.aspx,
Endpoint,//sync.targeting.unrulymedia.com/csync/RX-42660821-caf6-43a0-a442-b0621513ae58-003,
Endpoint,//sync.targeting.unrulymedia.com/csync/RX-03557fcc-bfd2-4310-b198-b80520c28bfd-003,
Endpoint,//investor.trinet.com/news/news-details/2021/TriNet-Announces-Lisa-Reeves-as-Chief-Product-Officer/default.aspx,
Endpoint,//sync.1rx.io/usersync/simplifi/0D06B43C968A4F29A048ACCBC443FCB9,
Endpoint,//sync.targeting.unrulymedia.com/csync/RX-75aed01c-9f7d-4ebc-8482-1e9f234c9590-003,
Endpoint,//sync.targeting.unrulymedia.com/csync/RX-d8dbfe44-2805-4d4f-a92f-02d7c693606c-003,
Endpoint,//investor.trinet.com/news/news-details/2016/TriNet-Insights-Presents-ACA-Over-Drinks-in-New-York-City/default.aspx#maincontent,
Endpoint,//investor.trinet.com/news/news-details/2016/TriNet-Insights-Presents-ACA-Over-Lunch-in-Dallas/default.aspx#maincontent,
Endpoint,//sync.1rx.io/usersync/simplifi/25F36AE9DC184EC8A52727F53BBCEF11,
Endpoint,//investor.trinet.com/news/news-details/2016/TriNet-Survey-Reveals-Surprising-Details-About-PTO-Benefits-for-US-Employees/default.aspx#maincontent,
Endpoint,//investor.trinet.com/news/news-details/2020/TriNet-Vice-President-and-Associate-General-Counsel-to-Speak-at-Women-in-Legal--Corporate-Leadership-Summit-on-March-4/default.aspx,
Endpoint,//investor.trinet.com/events-and-presentations/event-details/2015/TriNet-Second-Quarter-2015-Financial-Results/default.aspx,
Endpoint,//sync.targeting.unrulymedia.com/csync/RX-ca6b15e3-6c72-49fc-89e2-55aa1cb2cd9c-003,
Endpoint,//investor.trinet.com/news/news-details/2022/TriNet-Group-Inc.-Announces-Preliminary-Results-of-its-Modified-Dutch-Auction-Tender-Offer/default.aspx#maincontent,
Endpoint,//investor.trinet.com/full-service-hr/risk-compliance/aca/#maincontent,
Endpoint,//investor.trinet.com/financials/sec-filings-details/default.aspx,
Endpoint,//sync.1rx.io/usersync/simplifi/9E38B12CEB2C43838F27831D49756F4A,
Endpoint,//sync.1rx.io/usersync/simplifi/34FDE8430E0A4EAD9A54292B8936A671,
Endpoint,//investor.trinet.com/investor-relations/default.aspx#41,
Endpoint,//investor.trinet.com/events-and-presentations/event-details/2017/JP-Morgan-2017-Global-Technology-Media--Telecom-Conference/default.aspx#maincontent,
Endpoint,//sync.1rx.io/usersync/simplifi/C8CD2E46E8174397B5ECD25F566A5D91,
Endpoint,//sync.targeting.unrulymedia.com/csync/RX-18ff68a7-a188-41d8-b529-fee611586490-003,
Endpoint,//sync.1rx.io/usersync/simplifi/B6BB6F5C7B7C4A1D83B98F8A4AF3C664,
Endpoint,//investor.trinet.com/news/news-details/2016/TriNet-Insights-Presents-Revolutionizing-Equality-in-the-Workplace/default.aspx#maincontent,
Endpoint,//sync.targeting.unrulymedia.com/csync/RX-4feb9422-4d62-4690-85de-8ebe2c8e7764-003,
Endpoint,//sync.targeting.unrulymedia.com/csync/RX-2a457913-f218-4cfa-a371-1bfd4b297ad5-003,
Endpoint,//investor.trinet.com/news/news-details/2021/TriNet-Releases-its-Inaugural-Environmental-Social-and-Governance-Report/default.aspx,
Endpoint,//player.vimeo.com/video/891486006,
Endpoint,//sync.1rx.io/usersync/simplifi/407828217EBF401DB378C6C40B659FDD,
Endpoint,//sync.targeting.unrulymedia.com/csync/RX-7502837a-f216-4439-9a98-0218d0a5c070-003,
Endpoint,//sync.1rx.io/usersync/simplifi/1B99600BB2B94A6CAD8941DFA698B0E8,
Endpoint,//investor.trinet.com/news/news-details/2016/TriNet-Appoints-Edward-R-Griese-as-Senior-Vice-President-of-Insurance-Services/default.aspx,
Endpoint,//player.vimeo.com/video/832381109,
Endpoint,//investor.trinet.com/news/news-details/2014/TriNet-Announces-Commencement-of-Secondary-Offering/default.aspx,
Endpoint,//investor.trinet.com/news/news-details/2022/TriNet-and-The-Harris-Poll-Reveal-Survey-Results-Highlighting-Perception-on-State-of-Economy-from-Small-and-Medium-Size-Business-Leaders/default.aspx#maincontent,
Endpoint,//investor.trinet.com/events-and-presentations/event-details/2024/Investor-Presentation-Q4/default.aspx#maincontent,
Endpoint,//sync.targeting.unrulymedia.com/csync/RX-26d84fe2-1ebb-4a51-a731-8f76942b4eb7-003,
Endpoint,//sync.1rx.io/usersync/simplifi/2F11EB1151CF4C0B877EA9298F0DD84F,
Endpoint,//www.googletagmanager.com/gtag/js,
Endpoint,//player.vimeo.com/video/769071423,
Endpoint,//sync.targeting.unrulymedia.com/csync/RX-aa51065a-9774-4066-b7c5-2172aaf7012c-003,
Endpoint,//sync.1rx.io/usersync/simplifi/8C8F051538EE4601BEDD0A301D3A5AF1,
Endpoint,//sync.targeting.unrulymedia.com/csync/RX-76555dbf-8150-4aa4-892a-366afab71547-003,
Endpoint,//investor.trinet.com/news/news-details/2022/TRINET-LAUNCHING-TRINET-PEOPLEFORCEX-THIS-WEEK-IN-BOSTON/default.aspx,
Endpoint,//investor.trinet.com/news/news-details/2020/Former-U.S.-President-a-Distinguished-Roster-of-Medical-Experts-and-Respected-Business-Leaders-Among-the-Prominent-Speakers-to-Join-TriNet-PeopleForce-October-20-22/default.aspx,
Endpoint,//sync.1rx.io/usersync/simplifi/0BF7E55E0DE340C2BEDD9BE8358BAB7D,
Endpoint,//www.youtube.com/embed/xan0PKKyxII,
Endpoint,//tag.simpli.fi/sifitag/ac444e20-51a4-0138-6a6b-06659b33d47c,
Endpoint,//investor.trinet.com/news/news-details/2016/TriNet-to-Report-Fourth-Quarter-and-Full-Year-2015-Financial-Results-on-February-29/default.aspx#maincontent,
Endpoint,//sync.targeting.unrulymedia.com/csync/RX-4962a2df-56a8-4ea0-803a-d495f9584f59-003,
Endpoint,//investor.trinet.com/news/news-details/2020/TriNet-Announces-COVID-19-Health-Carrier-Administrative-Fees-Received-to-be-Returned-to-Clients-as-Fee-Credit/default.aspx#maincontent,
Endpoint,//investor.trinet.com/news/news-details/2021/TriNet-Wins-Gold-Stevie-Award-for-its-Inaugural-PeopleForce-Conference/default.aspx,
Endpoint,//investor.trinet.com/events-and-presentations/event-details/2020/Berenberg-US-CEO-Conference-2020/default.aspx,
Endpoint,//sync.1rx.io/usersync/simplifi/4A9D37C1CB0B4812B4B74BDBE7D31C39,
Endpoint,//sync.1rx.io/usersync/simplifi/9926392F214B44E4B09E74DE6383237D,
Endpoint,//investor.trinet.com/news/news-details/2017/TriNet-Announces-First-Quarter-2017-Results/default.aspx,
Endpoint,//sync.1rx.io/usersync/simplifi/5854F35F6CCA4270875240EEDB6779BA,
Endpoint,//investor.trinet.com/news/news-details/2014/Free-HR-Grader-Gives-Business-Owners-Quick-Way-to-Assess-Human-Resources-Risk/default.aspx#maincontent,
Endpoint,//sync.1rx.io/usersync/simplifi/E92761855E5E40A58D27829EA503F01F,
Endpoint,//pixel.mathtag.com/sync/img,
Endpoint,//investor.trinet.com/news/news-details/2019/TriNet-Names-Dilshad-Simons-Senior-Vice-President-Products/default.aspx#maincontent,
Endpoint,//investor.trinet.com/news/news-details/2017/TriNet-Hosts-the-HR-Room-at-Access-During-NY-TechDay/default.aspx,
Endpoint,//sync.targeting.unrulymedia.com/csync/RX-13e6bba7-de6c-49d2-85b0-f204f5b68c44-003,
Endpoint,//investor.trinet.com/news/news-details/2020/Prominent-News-Anchors-and-Medical-Industry-Leaders-Added-to-Roster-for-TriNet-PeopleForce/default.aspx,
Endpoint,//sync.1rx.io/usersync/simplifi/5F22275EF2544881AE79E3B95112215F,
Endpoint,//investor.trinet.com/news/news-details/2021/TriNet-Announces-Appointment-of-Ralph-Clark-President-and-Chief-Executive-Officer-of-ShotSpotter-to-its-Board-of-Directors/default.aspx#maincontent,
Endpoint,//investor.trinet.com/news/news-details/2015/TriNet-to-Report-First-Quarter-2015-Financial-Results-on-May-5/default.aspx,
Endpoint,//sync.1rx.io/usersync/simplifi/CB879E7A7F014D4BBF96CAF6EC1D8664,
Endpoint,//sync.targeting.unrulymedia.com/csync/RX-228b482f-5504-4d0c-ad6c-9de1e5ab54e8-003,
Endpoint,//sync.targeting.unrulymedia.com/csync/RX-8c1c8f3c-6b6d-482d-85e9-41e6523a8608-003,
Endpoint,//sync.1rx.io/usersync/simplifi/C54E6D56F3984270B6F283B93ECE4270,
Endpoint,//investor.trinet.com/news/news-details/2022/TriNet-Wins-Two-Stevie-Awards-for-TriNet-PeopleForce-2021/default.aspx#maincontent,
Endpoint,//investor.trinet.com/events-and-presentations/event-details/2020/TriNet-Second-Quarter-2020-Financial-Results/default.aspx,
Endpoint,//sync.1rx.io/usersync/simplifi/0162109BD0AB4B5BAF32BC8D9A02381B,
Endpoint,//investor.trinet.com/news/news-details/2016/Atairos-to-Acquire-Ownership-Stake-in-TriNet-from-General-Atlantic-TriNet-Welcomes-New-Strategic-Investor-and-Board-Member/default.aspx,
Endpoint,//sync.1rx.io/usersync/simplifi/F43F3127F5324636964A490283430214,
Endpoint,//investor.trinet.com/news/news-details/2016/TriNet-Insights-Presents-ACA-Over-Drinks-in-Denver/default.aspx#maincontent,
Endpoint,//sync.1rx.io/usersync/simplifi/2A9B6948638647D4A2EDD0BE295C4144,
Endpoint,//investor.trinet.com/news/news-details/2018/TriNet-to-Report-Fourth-Quarter-and-Full-Year-2017-Financial-Results-on-February-27/default.aspx#maincontent,
Endpoint,//sync.1rx.io/usersync/simplifi/F5A49507946E42A68472D3DDD6E59D61,
Endpoint,//sync.1rx.io/usersync/simplifi/4D958DE4B47E48648DA17B0E5B96C744,
Endpoint,/tag-49ebc8f58c9e236fad7d3dc279f89121.js,
Endpoint,//calculators.symmetry.com/widget/js/salary.js,
Endpoint,//sync.1rx.io/usersync/simplifi/FF6F733BC4234419BF68C332F9F66652,
Endpoint,//investor.trinet.com/news/news-details/2022/TriNet-Group-Inc.-Commences-a-Modified-Dutch-Auction-Tender-Offer-to-Repurchase-up-to-300-Million-of-its-Common-Stock/default.aspx,
Endpoint,//sync.targeting.unrulymedia.com/csync/RX-1aa70d63-3779-4969-b89e-ff8cf665e199-003,
Endpoint,//sync.1rx.io/usersync/simplifi/1AC69D32670E4ACEADB6D9A2F4A2D13D,
Endpoint,//sync.1rx.io/usersync/simplifi/8C9FA00AE3F84E7FBDF35DDC5D37B72C,
Endpoint,//sync.targeting.unrulymedia.com/csync/RX-9527b14f-786a-4a2a-b4fe-1fedd7b23d23-003,
Endpoint,//investor.trinet.com/news/news-details/2021/TriNet-PeopleForce-Launches-Monday-September-13/default.aspx,
Endpoint,//investor.trinet.com/news/news-details/2017/TriNet-Presents-Juggle-the-Struggle-in-New-York-City/default.aspx,
Endpoint,//sync.targeting.unrulymedia.com/csync/RX-c23cae57-1fe2-4673-9662-0ed8abd02a38-003,
Endpoint,//sync.1rx.io/usersync/simplifi/141C8F462659466A90432466EE7593D9,
Endpoint,//investor.trinet.com/news/news-details/2022/TriNet-to-Participate-at-the-Credit-Suisse-26th-Annual-Technology-Conference/default.aspx,
Endpoint,//sync.1rx.io/usersync/simplifi/6F94F202F27440C98782550E649401F1,
Endpoint,//sync.targeting.unrulymedia.com/csync/RX-ac269943-dcbc-47a3-978d-b6095af7bef2-003,
Endpoint,//investor.trinet.com/news/news-details/2016/MEDIA-ALERT-TriNet-and-PivotDesk-Present-Revolutionizing-Company-Culture/default.aspx#maincontent,
Endpoint,//investor.trinet.com/news/news-details/2024/TriNet-Announces-Retirement-of-Burton-M.-Goldfield-and-Appoints-Mike-Simonds-President-and-CEO/default.aspx,
Endpoint,//sync.targeting.unrulymedia.com/csync/RX-cc750850-c8b6-4153-99c2-7b07440d4a2b-003,
Endpoint,//investor.trinet.com/news/news-details/2020/TriNet-to-Report-First-Quarter-2020-Financial-Results-on-April-28/default.aspx,
Endpoint,//investor.trinet.com/news/news-details/2016/TriNet-Insights-Presents-ACA-Over-Lunch-in-San-Francisco/default.aspx,
Endpoint,//dev.visualwebsiteoptimizer.com/web/djIkYTo0LjA6bm9qcXVlcnksdHI6Ny4w/tag-d099721cc020ef2154858eece4e41d91.js,
Endpoint,//sync.1rx.io/usersync/simplifi/20DC595C05334F228975BE05AF10999A,
Endpoint,//sync.1rx.io/usersync/simplifi/0E83E3F1F68C437B82AD6883A3D8DA68,
Endpoint,//investor.trinet.com/news/news-details/2023/TriNet-to-Report-Fourth-Quarter--Full-Year-2022-Financial-Results-on-February-15/default.aspx#maincontent,
Endpoint,//sync.targeting.unrulymedia.com/csync/RX-5d9154c3-002c-4949-9165-a1e6bb0b17f0-003,
Endpoint,//sync.1rx.io/usersync/simplifi/BA2795F329D54CA2A251D474292B8C22,
Endpoint,//investor.trinet.com/investor-relations/default.aspx#13,
Endpoint,//investor.trinet.com/events-and-presentations/event-details/2017/Deutsche-Bank-2017-Technology-Conference/default.aspx,
Endpoint,//sync.targeting.unrulymedia.com/csync/RX-90a6cb65-f42f-4d2e-a157-2756e58c82a4-003,
Endpoint,//sync.1rx.io/usersync/simplifi/7AB72200B9584749BA2E58DE0893EB7B,
Endpoint,//sync.targeting.unrulymedia.com/csync/RX-8bed9fd0-507b-482b-9743-176be7b54b16-003,
Endpoint,//sync.targeting.unrulymedia.com/csync/RX-30020a19-f609-41c8-ba7d-5de7bd45595d-003,
Endpoint,//sync.targeting.unrulymedia.com/csync/RX-0f6cab70-4f51-4ff5-8509-1e79ec82fb5c-003,
Endpoint,//investor.trinet.com/news/news-details/2021/TriNet-Webinar-HR-Challenges-and-Pitfalls-as-Employees-Return-to-Work/default.aspx,
Endpoint,//investor.trinet.com/news/news-details/2017/TriNet-Presents-Juggle-the-Struggle-in-Fort-Lauderdale/default.aspx,
Endpoint,//investor.trinet.com/news/news-details/2021/SHEconomics-An-Original-Series-Celebrating-the-Journey-of-Female-Entrepreneurs-Launches-at-TriNet-PeopleForce/default.aspx#maincontent,
Endpoint,//sync.1rx.io/usersync/simplifi/FA8DCA383B8447798ADCF0597B85BA0D,
Endpoint,//investor.trinet.com/news/news-details/2016/TriNet-Insights-Presents-Revolutionizing-Company-Culture-Space-Matters/default.aspx,
Endpoint,//investor.trinet.com/events-and-presentations/event-details/2021/TriNet-Second-Quarter-2021-Financial-Results/default.aspx#maincontent,
Endpoint,//sync.targeting.unrulymedia.com/csync/RX-d863e548-1b9c-4c06-9337-32819e81c106-003,
Endpoint,//investor.trinet.com/events-and-presentations/event-details/2014/JP-Morgan-Ultimate-Services-Investor-Conference-2014/default.aspx#maincontent,
Endpoint,//investor.trinet.com/news/news-details/2022/Award-Winning-Actor-Musician-and-Entrepreneur-Riz-Ahmed-To-Speak-at-TriNet-PeopleForce-2022/default.aspx#maincontent,
Endpoint,//investor.trinet.com/news/news-details/2021/Former-Georgia-House-of-Representatives-Minority-Leader-Stacey-Abrams-Added-to-TriNet-PeopleForce-Roster-of-Esteemed-Speakers/default.aspx#maincontent,
Endpoint,//investor.trinet.com/news/news-details/2020/TriNet-Wins-Two-Gold-Stevie-Awards-for-its-People-Matter-Marketing-Campaign/default.aspx,
Endpoint,//investor.trinet.com/events-and-presentations/event-details/2015/JP-Morgan-Global-Technology-Media-and-Telecom-Conference/default.aspx#maincontent,
Endpoint,//sync.1rx.io/usersync/simplifi/9037E41FFC544D7B81D726CEEFF558AD,
Endpoint,//sync.1rx.io/usersync/simplifi/7778E3C171B74F2D931DF7769811B7E6,
Endpoint,//investor.trinet.com/events-and-presentations/event-details/2021/TriNet-Fourth-Quarter-and-Full-Year-2020-Financial-Results/default.aspx,
Endpoint,//investor.trinet.com/events-and-presentations/event-details/2021/Stifel-2021-Virtual-Cross-Sector-Insight-Conference/default.aspx,
Endpoint,//calculators.symmetry.com/widget/fonts/glyphicons-halflings-regular.woff2,Static
Endpoint,//www.youtube.com/embed/rcmYLa65jXA,
Endpoint,//investor.trinet.com/events-and-presentations/event-details/2018/Investor-Presentation-November/default.aspx,
Endpoint,//sync.targeting.unrulymedia.com/csync/RX-9f179beb-af6c-4c68-8590-52dd324fa5d2-003,
Endpoint,//sync.1rx.io/usersync/simplifi/DF827E5AD127450BA73AEB32D9A186D0,
Endpoint,//sync.1rx.io/usersync/simplifi/2854EDDDD0D546F7AFAB6A6DB937E0C6,
Endpoint,//investor.trinet.com/news/news-details/2024/TriNet-Announces-Fourth-Quarter-Fiscal-Year-2023-Results-and-Dividend-Initiation/default.aspx#maincontent,
Endpoint,//px.ads.linkedin.com/collect,
Endpoint,//investor.trinet.com/news/news-details/2016/TriNet-to-Report-Fourth-Quarter-and-Full-Year-2015-Financial-Results-on-February-29/default.aspx,
Endpoint,//investor.trinet.com/news/news-details/2021/World-Champion-Big-Wave-Surfer-Kai-Lenny-and-Professional-Windsurfer-Keith-Teboul-Join-TriNet-PeopleForce-Roster-of-Distinguished-Speakers/default.aspx,
Endpoint,//sync.targeting.unrulymedia.com/csync/RX-39bac3fd-7e83-4a2c-9525-e8925cc6b8d3-003,
Endpoint,//partners.tremorhub.com/sync,
Endpoint,//sync.1rx.io/usersync/simplifi/757C1CCD89994618B90F371B422DACA8,
Endpoint,//sync.targeting.unrulymedia.com/csync/RX-c9cd9016-4428-4355-a5bb-a2982af6b9b9-003,
Endpoint,//sync.1rx.io/usersync/simplifi/829B779C25824854A87616396DD37207,
Endpoint,//investor.trinet.com/news/news-details/2020/TriNet-to-Report-Third-Quarter-2020-Financial-Results-on-October-26/default.aspx,
Endpoint,//sync.1rx.io/usersync/simplifi/A777EBFEA55A458E8BB7A3410963A342,
Endpoint,//sync.1rx.io/usersync/simplifi/CCBF104159FE4C0882FF29591E15540D,
Endpoint,//sync.1rx.io/usersync/simplifi/E28DE504FC3A4B8B8427D8F16562772B,
Endpoint,//investor.trinet.com/news/news-details/2023/Special-SXSW-2023-Edition-of-TriNet-PeopleForceX-on-Saturday-March-11-Live-from-Inc.-Magazines-Founders-House/default.aspx,
Endpoint,//investor.trinet.com/news/news-details/2023/TriNet-to-Participate-at-the-Bank-of-America-2023-Information--Business-Services-Conference/default.aspx,
Endpoint,//investor.trinet.com/news/news-details/2016/Survey-Nine-out-of-Ten-US-Small-Business-Owners-Say-2016-Candidates-Dont-Make-Small-Businesses-a-Top-Priority/default.aspx#maincontent,
Endpoint,//sync.1rx.io/usersync/simplifi/D924BB1D5B4C45EBB5BCB74B9A82F725,
Endpoint,//investor.trinet.com/news/news-details/2022/TriNet-Announces-Third-Quarter-2022-Results/default.aspx,
Endpoint,//sync.targeting.unrulymedia.com/csync/RX-70b1da1e-cc74-4776-a499-1f517a953f70-003,
Endpoint,//investor.trinet.com/news/news-details/2015/Hottest-Growing-Job-Sectors-in-2014-Technology-and-Professional-Services/default.aspx,
Endpoint,//investor.trinet.com/news/news-details/2017/TriNet-to-Report-Third-Quarter-Financial-Results-on-November-2/default.aspx,
Endpoint,//investor.trinet.com/news/news-details/2021/TriNet-Announces-Proposed-Private-Offering-of-500-Million-of-Senior-Notes-due-2029/default.aspx,
Endpoint,//investor.trinet.com/news/news-details/2023/TriNet-Earns-95-in-Human-Rights-Campaign-Foundations-2023-2024-Corporate-Equality-Index/default.aspx#maincontent,
Endpoint,//investor.trinet.com/news/news-details/2022/TriNet-Named-in-Fast-Companys-Second-Annual-List-of-Brands-That-Matter/default.aspx#maincontent,
Endpoint,//investor.trinet.com/events-and-presentations/event-details/2015/Deutsche-Bank-2015-Technology-Conference/default.aspx,
Endpoint,//investor.trinet.com/events-and-presentations/event-details/2023/Stifel-2023-Cross-Sector-Insight-Conference-2023-Bb-_G6H-IY/default.aspx#maincontent,
Endpoint,//sync.targeting.unrulymedia.com/csync/RX-68c3b664-255d-4b2e-8159-9da7fefff004-003,
Endpoint,//sync.1rx.io/usersync/simplifi/08DD60642AB4499A8045BC58151C23C3,
Endpoint,//investor.trinet.com/events-and-presentations/event-details/2019/William-Blair-39th-Annual-Growth-Stock-Conference/default.aspx,
Endpoint,//sync.1rx.io/usersync/simplifi/24F1426B20364A14A3BED7A982F27EB1,
Endpoint,//investor.trinet.com/news/news-details/2015/Survey-Performance-Reviews-Drive-One-in-Four-Millennials-to-Search-for-a-New-Job-or-Call-in-Sick/default.aspx,
Endpoint,//googleads.g.doubleclick.net/pagead/landing,
Endpoint,//sync.1rx.io/usersync/simplifi/ECF98911AC1540B9A531A02AEDA54BF2,
Endpoint,//investor.trinet.com/news/news-details/2016/TriNet-Insights-Presents-ACA-Over-Lunch-in-San-Diego/default.aspx#maincontent,
Endpoint,//sync.1rx.io/usersync/simplifi/9A7C198F1AFA404C8DCADDB0912D4038,
Endpoint,//sync.targeting.unrulymedia.com/csync/RX-1c583e2e-9d3e-4dcb-9034-9fb2befbf5ed-003,
Endpoint,//investor.trinet.com/news/news-details/2018/TriNet-to-Participate-at-the-JP-Morgan-2018-Ultimate-Services-Investor-Conference/default.aspx#maincontent,
Endpoint,//sync.targeting.unrulymedia.com/csync/RX-c92eb632-806d-4ba1-b817-fb21b2d53074-003,
Endpoint,//sync.targeting.unrulymedia.com/csync/RX-6394d4a5-52a4-4501-a771-8896aaa05237-003,
Endpoint,//investor.trinet.com/news/news-details/2019/TriNet-to-Report-First-Quarter-2019-Financial-Results-on-April-29/default.aspx#maincontent,
Endpoint,//investor.trinet.com/events-and-presentations/event-details/2023/The-JP-Morgan-Ultimate-Services-Investor-Conference-2023-fsIJRJhp3V/default.aspx#maincontent,
Endpoint,//sync.targeting.unrulymedia.com/csync/RX-8c0becfd-04dd-4ff4-afc2-aa6283360257-003,
Endpoint,//sync.1rx.io/usersync/simplifi/ED00B4FA7C76486399C187DAE94ABA74,
Endpoint,//sync.1rx.io/usersync/simplifi/22928FCC17284633A994E77F3DB03AD6,
Endpoint,//investor.trinet.com/news/news-details/2022/TriNet-Teams-with-Empower-to-Provide-an-Industry-leading-TriNet-401k-Plan-for-Clients/default.aspx#maincontent,
Endpoint,//investor.trinet.com/news/news-details/2014/TriNet-to-Report-First-Quarter-2014-Financial-Results-on-May-5/default.aspx#maincontent,
Endpoint,//sync.targeting.unrulymedia.com/csync/RX-89e0afd2-5a79-469c-a66b-d24249ec0289-003,
Endpoint,//sync.targeting.unrulymedia.com/csync/RX-87ebff90-4f8f-4577-b534-ec65bb6e7bcf-003,
Endpoint,//sync.1rx.io/usersync/simplifi/E48D16972BB64993AA0C37E13B794F7E,
Endpoint,//investor.trinet.com/events-and-presentations/event-details/2017/TriNet-Third-Quarter-2017-Financial-Results/default.aspx#maincontent,
Endpoint,//sync.targeting.unrulymedia.com/csync/RX-2b0b02a2-ffc3-4bf2-b536-0542c82e2908-003,
Endpoint,//sync.1rx.io/usersync/simplifi/BBFB2B6E06F645CFB34FA1168580EED4,
Endpoint,//sync.1rx.io/usersync/simplifi/B58FED8FD4DF486D8D09C14114984EBD,
Endpoint,//sync.1rx.io/usersync/simplifi/D14EBCDAACBF4A3AA806D2CE5CEF4FEB,
Endpoint,//investor.trinet.com/events-and-presentations/event-details/2022/TriNet-First-Quarter-2022-Financial-Results/default.aspx#maincontent,
Endpoint,//sync.1rx.io/usersync/simplifi/76DF3339B26D410D94E0477BBAD45CEF,
Endpoint,//investor.trinet.com/news/news-details/2021/TriNet-Webinar-What-is-in-the-American-Rescue-Plan-Act-of-2021-and-What-it-Means-for-Your-Business/default.aspx,
Endpoint,//investor.trinet.com/news/news-details/2020/TriNet-to-Report-Fourth-Quarter-and-Full-Year-2019-Financial-Results-on-February-13/default.aspx,
Endpoint,//sync.targeting.unrulymedia.com/csync/RX-a56dc4c3-594e-4dc2-bfca-0a0974565ae8-003,
Endpoint,//investor.trinet.com/news/news-details/2023/TriNet-Announces-New-Products-and-Partnerships-Including-Solutions-for-the-Global-Workforce-and-Independent-Contractors/default.aspx,
Endpoint,//investor.trinet.com/news/news-details/2020/TriNet-Webinar-Series-What-the-PPP-Flexibility-Act-and-New-Forgiveness-Application--Mean-for-Your-Business/default.aspx#maincontent,
Endpoint,//investor.trinet.com/full-service-hr/#maincontent,
Endpoint,//investor.trinet.com/news/news-details/2022/TriNet-Announces-Harvard-Business-Review-Analytic-Services-Webinar-Thursday-June-16-How-to-Make-Your-Business-More-Resilient/default.aspx#maincontent,
Endpoint,//investor.trinet.com/news/news-details/2016/Selling-Power-Names-TriNet-One-of-50-Best-Companies-to-Sell-For/default.aspx#maincontent,
Endpoint,//investor.trinet.com/news/news-details/2021/TriNet-Introduces-Corporate-Social-Responsibility-Program-That-Encourages-Entrepreneurism-Benefits-Nonprofits-and-Provides-Employee-Volunteer-Opportunities/default.aspx,
Endpoint,//investor.trinet.com/news/news-details/2021/TriNet-Announces-Proposed-Private-Offering-of-500-Million-of-Senior-Notes-due-2029/default.aspx#maincontent,
Endpoint,//sync.targeting.unrulymedia.com/csync/RX-fe9acd50-7462-4d0b-9a98-62efe43ace0a-003,
Endpoint,//investor.trinet.com/events-and-presentations/event-details/2022/Credit-Suisse-26th-Annual-Technology-Conference/default.aspx#maincontent,
Endpoint,//sync.targeting.unrulymedia.com/csync/RX-169b147c-2bd8-4a92-83e4-60fd1c87fc32-003,
Endpoint,//www.trinet.com/_astro/full-story.astro_astro_type_script_index_0_lang.14fe7518.js,
Endpoint,//sync.1rx.io/usersync/simplifi/F2822F54CC7542C2BF9ECCA64D006FE0,
Endpoint,//sync.1rx.io/usersync/simplifi/668B47EA252D4E45A86396D12F2E8561,
Endpoint,//investor.trinet.com/news/news-details/2015/American-Business-Awards-Recognizes-TriNet-Cloud-With-Three-Stevie-Awards-for-Its-Expense-and-Performance-Management-Software/default.aspx,
Endpoint,//investor.trinet.com/events-and-presentations/event-details/2016/TriNet-First-Quarter-2016-Financial-Results/default.aspx#maincontent,
Endpoint,//investor.trinet.com/news/news-details/2021/TriNet-to-Report-First-Quarter-2021-Financial-Results-on-April-26/default.aspx,
Endpoint,//investor.trinet.com/news/news-details/2021/TriNet-Announces-Second-Quarter-2021-Results/default.aspx,
Endpoint,//sync.targeting.unrulymedia.com/csync/RX-40179254-6d35-4b63-ab50-dbec248b934d-003,
Endpoint,//sync.1rx.io/usersync/simplifi/6C67B9E220C14473B624EADB7D60A8F4,
Endpoint,//investor.trinet.com/events-and-presentations/event-details/2022/stifel-2022-conference/default.aspx#maincontent,
Endpoint,//bat.bing.com/action/0,
Endpoint,//s.company-target.com/s/sync,
Endpoint,//sync.1rx.io/usersync/simplifi/D068887691634E90A83263804F6E8B3F,
Endpoint,//sync.targeting.unrulymedia.com/csync/RX-621b8702-739d-4de7-bdbc-d559d2f7665f-003,
Endpoint,//sync.1rx.io/usersync/simplifi/AAEBDC35F57A4E6CAAE147F7B72726D5,
Endpoint,//investor.trinet.com/news/news-details/2019/TriNet-Announces-Second-Quarter-2019-Results/default.aspx,
Endpoint,//sync.targeting.unrulymedia.com/csync/RX-5f3b47b3-07db-482a-b9f0-996876f95f6c-003,
Endpoint,//investor.trinet.com/news/news-details/2016/TriNet-Insights-Presents-Revolutionizing-Equality-in-the-Workplace/default.aspx,
Endpoint,//investor.trinet.com/news/news-details/2015/TriNet-to-Report-First-Quarter-2015-Financial-Results-on-May-5/default.aspx#maincontent,
Endpoint,//pixel.tapad.com/idsync/ex/receive,
Endpoint,//investor.trinet.com/news/news-details/2018/TriNet-to-Report-Second-Quarter-2018-Financial-Results-on-July-30/default.aspx#maincontent,
Endpoint,//investor.trinet.com/events-and-presentations/event-details/2016/Deutsche-Bank-2016-Technology-Conference/default.aspx,
Endpoint,//investor.trinet.com/news/news-details/2015/Employment-Index-Shows-Significant-Growth-Over-the-Previous-Year-Massachusetts-Shows-Greatest-Employment-Rate-Improvement-for-the-Second-Month-in-a-Row/default.aspx#maincontent,
Endpoint,//investor.trinet.com/news/news-details/2023/TriNet-to-Participate-at-Deutsche-Banks-31st-Annual-Leveraged-Finance-Conference/default.aspx,
Endpoint,//sync.targeting.unrulymedia.com/csync/RX-f252f94a-e4ea-483f-bc83-bf0c70f39583-003,
Endpoint,//www.trinet.com/_astro/full-story.astro_astro_type_script_index_0_lang.01e393f8.js,
Endpoint,//investor.trinet.com/news/news-details/2022/Former-Administrator-of-the-U.S.-Small-Business-Administration-Maria-Contreras-Sweet-to-Speak-at-TriNet-Small-Business-Week-Summit/default.aspx,
Endpoint,//investor.trinet.com/news/news-details/2016/TriNet-Inspire-Presents-Transforming-the-Workplace/default.aspx#maincontent,
Endpoint,//googleads.g.doubleclick.net/pagead/viewthroughconversion/1069443814/,
Endpoint,//investor.trinet.com/news/news-details/2016/TriNet-to-Report-Second-Quarter-2016-Financial-Results-on-August-1/default.aspx#maincontent,
Endpoint,//player.vimeo.com/_csp,
Endpoint,//sync.1rx.io/usersync/simplifi/86C94EC3EE714B86A07C8E6BD92B5E41,
Endpoint,//investor.trinet.com/events-and-presentations/event-details/2022/JP-Morgan-2022-Ultimate-Services-Investor-Conference/default.aspx,
Endpoint,//sync.1rx.io/usersync/simplifi/B7A803A78EB14F7D8BC63BF67C79C9D6,
Endpoint,//sync.1rx.io/usersync/simplifi/ABFF662069F841FCB3F82A6A727B7E0A,
Endpoint,//player.vimeo.com/video/902039899,
Endpoint,//sync.1rx.io/usersync/simplifi/87FDAD9E80B648AD98B6D13B0679144E,
Endpoint,//sync.targeting.unrulymedia.com/csync/RX-9dc2c8fe-35fb-4540-a0d1-9f855cc45904-003,
Endpoint,//investor.trinet.com/news/news-details/2018/TriNet-to-Report-Third-Quarter-2018-Financial-Results-on-October-29/default.aspx,
Endpoint,//investor.trinet.com/news/news-details/2013/TriNet-Files-Registration-Statement-for-Proposed-Initial-Public-Offering-of-Common-Stock/default.aspx,
Endpoint,//sync.1rx.io/usersync/simplifi/F0072A067199444A8B79F527CD3656F0,
Endpoint,//investor.trinet.com/news/news-details/2022/TriNet-to-Participate-at-the-J.P.-Morgan-2022-Ultimate-Services-Investor-Conference/default.aspx#maincontent,
Endpoint,//investor.trinet.com/news/news-details/2021/TriNet-President-and-Chief-Executive-Officer-Burton-M.-Goldfield-to-Reveal-Current-State-of-Small-and-Medium-Size-Businesses-at-TriNet-PeopleForce/default.aspx#maincontent,
Endpoint,//investor.trinet.com/news/news-details/2014/TriNet-to-Participate-at-the-JP-Morgan-Ultimate-Services-Investor-Conference/default.aspx,
Endpoint,//sync.1rx.io/usersync/simplifi/A06E236DD6434F7385970B8A39A7714B,
Endpoint,//sync.1rx.io/usersync/simplifi/DBA387DD21F741EF83B70BBC196B7EDA,
Endpoint,//investor.trinet.com/events-and-presentations/event-details/2023/TriNet-Third-Quarter-2023-Financial-Results/default.aspx#maincontent,
Endpoint,//investor.trinet.com/news/news-details/2016/TriNet-Expands-Austin-Office-Connects-With-Regional-Technology-Community/default.aspx#maincontent,
Endpoint,//sync.1rx.io/usersync/simplifi/34FC3AFE9E4247438F1302E669093C9B,
Endpoint,//investor.trinet.com/news/news-details/2014/TriNet-Passport-and-TriNet-Expense-Mobile-Apps-Win-Silver-Stevies-in-2014-American-Business-Awards/default.aspx,
Endpoint,//investor.trinet.com/events-and-presentations/event-details/2019/William-Blair-39th-Annual-Growth-Stock-Conference/default.aspx#maincontent,
Endpoint,//investor.trinet.com/news/news-details/2020/TriNet-Provides-Small-and-Medium-Size-Businesses-with-Latest-on-Health-Insurance-Carrier-Offerings-During-COVID-19-Pandemic/default.aspx#maincontent,
Endpoint,//sync.targeting.unrulymedia.com/csync/RX-2053b88f-377c-4585-a8cc-410efc89b6ef-003,
Endpoint,//sync.targeting.unrulymedia.com/csync/RX-03005de2-7f3b-4c22-852f-f77147f14b02-003,
Endpoint,//player.vimeo.com/video/529570764,
Endpoint,//investor.trinet.com/news/news-details/2020/TriNet-to-Participate-at-the-Berenberg-US-CEO-Conference-2020/default.aspx#maincontent,
Endpoint,//dev.visualwebsiteoptimizer.com/web/djIkYTo0LjA6bm9qcXVlcnksdHI6Ny4w/tag-de49bf4d4d484dd9b70711aea240f329.js,
Endpoint,//sync.targeting.unrulymedia.com/csync/RX-19251873-64d6-4ac2-b1ce-937ee6fba435-003,
Endpoint,//investor.trinet.com/news/news-details/2023/TriNet-to-Host-Virtual-Summit-with-SMB-Experts-on-May-25-During-National-PEO-Week/default.aspx,
Endpoint,//sync.targeting.unrulymedia.com/csync/RX-e319524f-0369-4f28-b9a5-a8d7d0c8ec98-003,
Endpoint,//sync.1rx.io/usersync/simplifi/85454012018F4863A7FC7D9CA5927A77,
Endpoint,//sync.1rx.io/usersync/simplifi/BC725230EEF74841BC97FE2A64CCC524,
Endpoint,//sync.1rx.io/usersync/simplifi/24C6CBD0CFAF460A8F7296EF559BDC91,
Endpoint,//sync.1rx.io/usersync/simplifi/D7CCB584417F42518686491360B58072,
Endpoint,//sync.targeting.unrulymedia.com/csync/RX-0fe25d7c-9b09-4268-b2ec-61e36bd9e920-003,
Endpoint,//www.googletagmanager.com/gtm.js,
Endpoint,//sync.1rx.io/usersync/simplifi/51B085078A86408EB4DF301FC4C0F2E0,
Endpoint,//investor.trinet.com/news/news-details/2022/TriNet-to-Report-Fourth-Quarter-and-Full-Year-2021-Financial-Results-on-February-14/default.aspx,
Endpoint,//sync.1rx.io/usersync/simplifi/F768193F59AD4B6F934A546E4C214C70,
Endpoint,//investor.trinet.com/news/news-details/2020/Top-Concerns-on-Coronavirus-COVID-19-for-Small-and-Medium-Size-Businesses-Addressed-by-TriNet/default.aspx#maincontent,
Endpoint,//sync.targeting.unrulymedia.com/csync/RX-1fcfb138-e1f3-4bef-97df-417f2da3b794-003,
Endpoint,//investor.trinet.com/news/news-details/2016/TriNet-to-Report-First-Quarter-2016-Financial-Results-on-May-2/default.aspx#maincontent,
Endpoint,//www.trinet.com/_astro/Checkout.e53e21b5.js,
Endpoint,//sync.1rx.io/usersync/simplifi/EFEC2C94296C4A64ABBD535A0196FBE1,
Endpoint,//sync.1rx.io/usersync/simplifi/DA315B6F0DE14E88BA1B6A089A1C71F8,
Endpoint,//sync.1rx.io/usersync/simplifi/D3FB2A009D4F44A8B0BFDC2ACC778834,
Endpoint,//sync.targeting.unrulymedia.com/csync/RX-a8ca93b3-4201-4fe9-8aba-4f6347804b71-003,
Endpoint,//sync.1rx.io/usersync/simplifi/17E4BB940E194345AC112542DDF371AC,
Endpoint,//investor.trinet.com/events-and-presentations/event-details/2023/Investor-Presentation-2023--mSJ0icgfy/default.aspx,
Endpoint,//sync.1rx.io/usersync/simplifi/81D4631670794FF6B817718CDA2EFDE0,
Endpoint,//sync.targeting.unrulymedia.com/csync/RX-1ffb58cb-420e-46cc-855f-b7a88001c5a6-003,
Endpoint,//investor.trinet.com/news/news-details/2017/TriNet-Announces-Second-Quarter-2017-Results/default.aspx,
Endpoint,//investor.trinet.com/news/news-details/2014/TriNet-Announces-Second-Quarter-Fiscal-2014-Results/default.aspx,
Endpoint,//investor.trinet.com/news/news-details/2021/TriNet-to-Participate-at-the-Bank-of-America-Securities-Leveraged-Finance-Conference/default.aspx,
Endpoint,//www.youtube.com/embed/649uPo3W8ts,
Endpoint,//investor.trinet.com/news/news-details/2020/Announcing-TriNet-PeopleForce-A-Virtual-Conference-Focused-on-Business-Resiliency--Growth-Health-Care-Trends-Diversity--Inclusion-and-the-Future-of-Work-for-SMBs/default.aspx,
Endpoint,//investor.trinet.com/news/news-details/2015/Construction-Industry-Shows-Predicted-Growth-Many-Geographic-Areas-Experience-Increased-Employment-Indexes/default.aspx,
Endpoint,//sync.1rx.io/usersync/simplifi/14FF1816374A43A9815DF83DD049C6D4,
Endpoint,//investor.trinet.com/news/news-details/2017/TriNet-to-Report-First-Quarter-Financial-Results-on-May-2/default.aspx,
Endpoint,//dev.visualwebsiteoptimizer.com/web/djIkYTo0LjA6bm9qcXVlcnksdHI6Ny4w/tag-1af6ab6d07e3be8d5f20a8747c71526e.js,
Endpoint,//sync.targeting.unrulymedia.com/csync/RX-7dd593da-81eb-4927-909f-829f25340d77-003,
Endpoint,//investor.trinet.com/news/news-details/2021/TriNet-Announces-Definitive-Agreement-to-Acquire-Zenefits/default.aspx,
Endpoint,//sync.targeting.unrulymedia.com/csync/RX-5ac7db1d-4607-4367-807f-59a40210b92c-003,
Endpoint,//investor.trinet.com/news/news-details/2023/TriNet-Announces-Speakers-for-TriNet-PeopleForce-2023-Including-Multi-Faceted-Entrepreneur-Ryan-Reynolds-and-Global-Humanitarian-Ashley-Judd/default.aspx,
Endpoint,//sync.1rx.io/usersync/simplifi/76C00A10664B4799A91D735231D25903,
Endpoint,//investor.trinet.com/news/news-details/2018/TriNet-Announces-Second-Quarter-2018-Results/default.aspx,
Endpoint,//sync.targeting.unrulymedia.com/csync/RX-2d496230-070a-4271-938f-59c54b0dc6b6-003,
Endpoint,//investor.trinet.com/news/news-details/2022/TriNet-to-Report-First-Quarter-2022-Financial-Results-on-April-26/default.aspx,
Endpoint,//sync.1rx.io/usersync/simplifi/E2BF817A23FE44169A254665F03DB0B0,
Endpoint,//investor.trinet.com/news/news-details/2020/TriNet-Announces-Third-Quarter-2020-Results/default.aspx#maincontent,
Endpoint,//investor.trinet.com/news/news-details/2022/TriNet-Adds-New-York-Times-Best-Selling-Author-and-Feminist-Activist-Gloria-Steinem-World-Renowned-Chef-and-Humanitarian-Jos-Andrs-and-Former-Ukrainian-Press-Secretary-Iuliia-Mendel-to-Roster-of-Esteemed-Speakers-at-TriNet-PeopleForce/default.aspx,
Endpoint,//investor.trinet.com/news/news-details/2021/NBA-Champion-and-Successful-Entrepreneur-Andre-Iguodala-Added-to-TriNet-PeopleForce-Roster-of-Esteemed-Speakers/default.aspx,
Endpoint,//investor.trinet.com/news/news-details/2014/TriNet-to-Present-at-the-Sanford-C-Bernstein-Technology-Innovation-Summit/default.aspx#maincontent,
Endpoint,//sync.1rx.io/usersync/simplifi/1A5EBA9DCAF54B4681D76EF16728D895,
Endpoint,//investor.trinet.com/news/news-details/2019/TriNet-Announces-First-Quarter-2019-Results/default.aspx#maincontent,
Endpoint,//sync.targeting.unrulymedia.com/csync/RX-1bacb8f5-d7cf-4d78-b6fa-8f634c4dbcac-003,
Endpoint,//sync.1rx.io/usersync/simplifi/916E43C19C9549B9A17E19AEDDBF1D5A,
Endpoint,//investor.trinet.com/news/news-details/2017/TriNet-Appoints-Catherine-M-Wragg-as-Senior-Vice-President-of-Human-Resources/default.aspx,
Endpoint,//investor.trinet.com/news/news-details/2022/TriNet-Webinar-California-Employment-Law-Challenges-to-Keep-Top-of-Mind-and-Whats-New-in-2022/default.aspx,
Endpoint,//sync.1rx.io/usersync/simplifi/E322D1C551F74EB2A4B534748E7678E5,
Endpoint,//sync.targeting.unrulymedia.com/csync/RX-4b6b3e36-7ace-40b0-97ab-adfd62edc2d0-003,
Endpoint,//investor.trinet.com/news/news-details/2016/TriNet-Insights-Presents-ACA-Over-Drinks-in-Stamford-Conn/default.aspx,
Endpoint,//sync.1rx.io/usersync/simplifi/27AB19E04AE54A16B79F04C1CD9C1D5D,
Endpoint,//investor.trinet.com/news/news-details/2021/TriNet-Webinar-Series-Working-in-the-New-Normal---Part-2-Practical-Solutions-to-Common-Wage-and-Hour-Issues-in-California/default.aspx,
Endpoint,//sync.1rx.io/usersync/simplifi/48F822F95C9B44A89A1736561F67AA5A,
Endpoint,//investor.trinet.com/news/news-details/2016/TriNet-to-Participate-at-the-Deutsche-Bank-2016-Technology-Conference/default.aspx,
Endpoint,//investor.trinet.com/news/news-details/2020/TriNet-Announces-Appointment-of-Dr-Jacqueline-Kosecoff-to-its-Board-of-Directors/default.aspx#maincontent,
Endpoint,/tag-f8ca4114714a66f8817edeaee1416fa6.js,
Endpoint,//investor.trinet.com/events-and-presentations/event-details/2015/JP-Morgan-Ultimate-Services-Investor-Conference/default.aspx#maincontent,
Endpoint,//player.vimeo.com/video/623644913,
Endpoint,//d2genwge1af44w.cloudfront.net/assets/moments-e44457057ace6275d2bea61ce16790fed8c62891.js,
Endpoint,//sync.targeting.unrulymedia.com/csync/RX-e1c56218-a448-4950-9600-86fab7d0601b-003,
Endpoint,//investor.trinet.com/news/news-details/2020/TriNet-Webinar-Series-Maximizing-PPP-Loan-Forgiveness-for-Your-Business/default.aspx#maincontent,
Endpoint,//sync.1rx.io/usersync/simplifi/4DE91BC478B047EC981C75EFEB74E515,
Endpoint,//investor.trinet.com/news/news-details/2017/TriNet-to-Participate-at-the-JP-Morgan-2017-Ultimate-Services-Investor-Conference/default.aspx#maincontent,
Endpoint,//sync.targeting.unrulymedia.com/csync/RX-f778c443-8957-4c54-b63c-8bf6826268a0-003,
Endpoint,//sync.1rx.io/usersync/simplifi/283301927C43406685A56A643FD8AFD8,
Endpoint,//sync.targeting.unrulymedia.com/csync/RX-d6d84a89-8ce4-43b5-9695-40e990ca99af-003,
Endpoint,//investor.trinet.com/news/news-details/2020/TriNet--Harris-Poll-Webinar-Industry-Wide-Pulse-Survey-Results---Hard-Data-Human-Truths-and-the-State-of-Small-and-Medium-Size-Business-During-COVID-19/default.aspx#maincontent,
Endpoint,//sync.targeting.unrulymedia.com/csync/RX-5d342bbb-15b2-4860-b425-4655f403b744-003,
Endpoint,//sync.targeting.unrulymedia.com/csync/RX-0f553b46-2e6e-4928-ac6b-d2981835b73f-003,
Endpoint,//sync.targeting.unrulymedia.com/csync/RX-4098de30-3445-4237-919c-16f48bc0d073-003,
Endpoint,//investor.trinet.com/news/news-details/2015/TriNet-Announces-Fourth-Quarter-Fiscal-Year-2014-Results/default.aspx#maincontent,
Endpoint,//investor.trinet.com/news/news-details/2022/TriNet-Group-Inc.-Announces-Final-Results-of-its-Modified-Dutch-Auction-Tender-Offer-eba651183/default.aspx,
Endpoint,//investor.trinet.com/news/news-details/2015/Hottest-Growing-Job-Sectors-in-2014-Technology-and-Professional-Services/default.aspx#maincontent,
Endpoint,//www.facebook.com/tr/,
Endpoint,//sync.1rx.io/usersync/simplifi/4B33A11A58F14CD6B93CF40299D29562,
Endpoint,//www.youtube.com/embed/zhhCebbRj-k,
Endpoint,//investor.trinet.com/news/news-details/2016/SMBeat-Report-Shows-Positive-Growth-Across-Several-Industries-and-Significant-Regional-Increases/default.aspx,
Endpoint,//sync.1rx.io/usersync/simplifi/05563C945F1545779DE0E7833C14287B,
Endpoint,//investor.trinet.com/news/news-details/2017/TriNet-Launches-New-Product-to-Address-the-HR-Needs-of-Americas-Main-Street-Businesses/default.aspx,
Endpoint,//sync.targeting.unrulymedia.com/csync/RX-ebd49ce4-cf25-4160-ad8e-4430297c7be2-003,
Endpoint,//sync.targeting.unrulymedia.com/csync/RX-be31ab42-40df-443e-9969-35bdf122e40e-003,
Endpoint,//sync.targeting.unrulymedia.com/csync/RX-9015cf5e-0b2b-4f51-9860-290eb2a53be1-003,
Endpoint,//investor.trinet.com/news/news-details/2023/TriNet-Announces-First-Quarter-2023-Results/default.aspx,
Endpoint,//investor.trinet.com/news/news-details/2017/TriNet-to-Participate-at-the-JP-Morgan-2017-Ultimate-Services-Investor-Conference/default.aspx,
Endpoint,//sync.1rx.io/usersync/simplifi/049FC9A196FB4DD094AEB5A862A9DF86,
Endpoint,//investor.trinet.com/events-and-presentations/event-details/2023/TriNet-Fourth-Quarter-2022-Financial-Results/default.aspx#maincontent,
Endpoint,//sync.targeting.unrulymedia.com/csync/RX-d984132e-9e1c-4b57-9449-424a0409447c-003,
Endpoint,//sync.1rx.io/usersync/simplifi/237F8A58F0F8467A96BB8254DEF554BE,
Endpoint,//www.youtube.com/embed/BKVVbNkymPw,
Endpoint,//investor.trinet.com/news/news-details/2022/TriNet-Group-Inc.-Announces-Final-Results-of-its-Modified-Dutch-Auction-Tender-Offer-eba651183/default.aspx#maincontent,
Endpoint,//investor.trinet.com/news/news-details/2020/TriNet-Announces-Third-Quarter-2020-Results/default.aspx,
Endpoint,//investor.trinet.com/investor-relations/#1,
Endpoint,//investor.trinet.com/news/news-details/2020/TriNet-Announces-Fourth-Quarter-Fiscal-Year-2019-Results-300-Million-Increase-to-Stock-Repurchase-Program-and-CFO-Transition/default.aspx,
Endpoint,//player.vimeo.com/video/772063545,
Endpoint,//investor.trinet.com/news/news-details/2022/TriNet-Completes-Acquisition-ofZenefits/default.aspx,
Endpoint,//sync.1rx.io/usersync/simplifi/21888FA63D5C4B318D95E0F3AC7F28B6,
Endpoint,//investor.trinet.com/news/news-details/2022/TriNet-Announces-Record-Fourth-Quarter-Fiscal-Year-2021-Results-and-an-Increase-to-the-Stock-Repurchase-Program/default.aspx,
Endpoint,//investor.trinet.com/news/news-details/2020/TriNet-Wins-Eight-Silver-Telly-Awards-for-Its-People-Matter-Marketing-Campaign/default.aspx,
Endpoint,//investor.trinet.com/news/news-details/2015/TriNet-Highlights-Top-Labor-Law-Trends-Small-and-Medium-Sized-Business-Owners-Should-Know-in-2015/default.aspx,
Endpoint,//sync.targeting.unrulymedia.com/csync/RX-25aaccac-b30c-4064-8366-ce007e7b8391-003,
Endpoint,//sync.targeting.unrulymedia.com/csync/RX-f0c8346b-8840-4d75-98bc-fab6f8a11c12-003,
Endpoint,//sync.1rx.io/usersync/simplifi/8766759B68F24C20AD374ED466CEC371,
Endpoint,//sync.1rx.io/usersync/simplifi/C750E68E6F9449518FC4DBA483EBD3B1,
Endpoint,//developers.trinet.com/js/polyfills.ff91ded7f4479494.js,
Endpoint,//sync.1rx.io/usersync/simplifi/6CFCB33F8315417DB23C28F83C99E1C4,
Endpoint,//investor.trinet.com/news/news-details/2023/TriNet-Announces-Donation-to-NAACP-Supporting-Black-Business-Owners-and-Entrepreneurs/default.aspx,
Endpoint,//investor.trinet.com/news/news-details/2021/TriNet-Board-Members-Ralph-Clark-and-Maria-Contreras-Sweet-Join-TriNet-PeopleForce-Roster-of-Distinguished-Speakers/default.aspx,
Endpoint,//sync.targeting.unrulymedia.com/csync/RX-af390f9e-e82b-44cf-9395-d96928b462e9-003,
Endpoint,//sync.targeting.unrulymedia.com/csync/RX-9b92bce8-0095-4074-9f26-73a72b38895b-003,
Endpoint,//sync.1rx.io/usersync/simplifi/1435BDF363E647AE8C8CD445FA83ED76,
Endpoint,//investor.trinet.com/news/news-details/2021/TriNet-Receives-Two-2021-TrustRadius-Top-Rated-Awards-for-HR-Management-and-Payroll/default.aspx#maincontent,
Endpoint,//investor.trinet.com/news/news-details/2017/Fortune-Magazine-Names-TriNet-One-of-the-Fastest-Growing-Companies-for-2017/default.aspx#maincontent,
Endpoint,//sync.1rx.io/usersync/simplifi/28BAD505C8E6433195E8664FDE386E52,
Endpoint,//investor.trinet.com/news/news-details/2018/TriNet-to-Report-Third-Quarter-2018-Financial-Results-on-October-29/default.aspx#maincontent,
Endpoint,//investor.trinet.com/js/4797108222.js,
Endpoint,//investor.trinet.com/news/news-details/2021/TriNet-Board-Members-Ralph-Clark-and-Maria-Contreras-Sweet-Join-TriNet-PeopleForce-Roster-of-Distinguished-Speakers/default.aspx#maincontent,
Endpoint,//sync.1rx.io/usersync/simplifi/24C3D7A40EEE4625810AA01EC31BFF83,
Endpoint,//sync.1rx.io/usersync/simplifi/0F00BA62EFB74D8FB7CEF5C1B917FB64,
Endpoint,//tribl.io/_t.gif,Static
Endpoint,//investor.trinet.com/events-and-presentations/event-details/2020/TriNet-First-Quarter-2020-Financial-Results/default.aspx,
Endpoint,//investor.trinet.com/events-and-presentations/event-details/2018/TriNet-Third-Quarter-2018-Financial-Results/default.aspx#maincontent,
Endpoint,//investor.trinet.com/news/news-details/2020/TriNet-Announces-Appointment-of-Dr-Jacqueline-Kosecoff-to-its-Board-of-Directors/default.aspx,
Endpoint,//sync.1rx.io/usersync/simplifi/C0349D7912C948F58D67D1BDADCE3BD9,
Endpoint,//sync.1rx.io/usersync/simplifi/C7EAD71089F0464496CBF7946CF9F5C9,
Endpoint,//sync.targeting.unrulymedia.com/csync/RX-763c753e-80e6-4e7a-8e9e-97ab3fdfca0a-003,
Endpoint,//investor.trinet.com/news/news-details/2022/Former-Administrator-of-the-U.S.-Small-Business-Administration-Maria-Contreras-Sweet-to-Speak-at-TriNet-Small-Business-Week-Summit/default.aspx#maincontent,
Endpoint,//sync.1rx.io/usersync/simplifi/21C5723963A8470A9469507B2476A451,
Endpoint,//investor.trinet.com/news/news-details/2021/Leading-Experts-in-Workforce-Innovation-and-Strategy-Erica-Dhawan-and-Seth-Mattison-Join-TriNet-PeopleForce-Roster-of-Distinguished-Speakers/default.aspx,
Endpoint,//investor.trinet.com/news/news-details/2023/TriNet-Announces-Fourth-Annual-TriNet-PeopleForce-2023-Kicking-Off-September-12-14-in-New-York/default.aspx,
Endpoint,//player.vimeo.com/video/604292269,
Endpoint,//investor.trinet.com/news/news-details/2014/TriNet-Announces-Third-Quarter-Fiscal-2014-Results/default.aspx,
Endpoint,//sync.targeting.unrulymedia.com/csync/RX-52764a52-abe2-46c5-9381-62489c3595dd-003,
Endpoint,//investor.trinet.com/news/news-details/2021/TriNet-Announces-Lisa-Reeves-as-Chief-Product-Officer/default.aspx#maincontent,
Endpoint,//investor.trinet.com/news/news-details/2020/TriNet-and-The-Harris-Poll-Reveal-Pulse-Survey-Results-on-State-of-Small-and-Medium-Size-Business-During-COVID-19/default.aspx,
Endpoint,//investor.trinet.com/events-and-presentations/event-details/2020/TriNet-Fourth-Quarter-2019-Financial-Results/default.aspx#maincontent,
Endpoint,/tag-183c401382c37bbbee202fd08b53d1f2.js,
Endpoint,//investor.trinet.com/news/news-details/2020/TriNet-Bridges-the-Health-Coverage-Gap-by-Facilitating-Access-to-Alternative-Offerings-for-Small-and-Medium-Size-Businesses/default.aspx,
Endpoint,//investor.trinet.com/news/news-details/2016/TriNet-Insights-Presents-Navigating-Uncertainties-to-Reach-the-Next-Levels-for-Midsize-Biotech-Companies/default.aspx,
Endpoint,//investor.trinet.com/news/news-details/2019/TriNet-Launches-Ad-Campaign-Celebrating-the-Unsung-Heroes-Driving-the-US-Economy--Small-and-Medium-Size-Businesses/default.aspx#maincontent,
Endpoint,//sync.targeting.unrulymedia.com/csync/RX-ee77a2da-1a18-4ce4-bcbd-4fe24b493366-003,
Endpoint,//investor.trinet.com/news/news-details/2022/TriNet-Launches-Inaugural-Small-Business-Week-Summit-May-2-5/default.aspx,
Endpoint,//sync.targeting.unrulymedia.com/csync/RX-3209894a-eb59-41f8-8e46-f0176567f153-003,
Endpoint,//sync.1rx.io/usersync/simplifi/9E21D973B13142188CEF10D9B8E1BD63,
Endpoint,//cms.analytics.yahoo.com/cms,
Endpoint,//investor.trinet.com/news/news-details/2022/TriNet-Group-Inc.-Announces-Final-Results-of-its-Modified-Dutch-Auction-Tender-Offer/default.aspx,
Endpoint,//investor.trinet.com/news/news-details/2022/TriNet-to-Report-Second-Quarter-2022-Financial-Results-on-July-26/default.aspx#maincontent,
Endpoint,//investor.trinet.com/news/news-details/2020/Critical-Business-Insights-for-SMBs-from-Distinguished-Speakers-Business-Leaders-and-Prominent-Thought-Leaders-Were-Shared-at-TriNet-PeopleForce/default.aspx,
Endpoint,//sync.targeting.unrulymedia.com/csync/RX-dfd6f345-dedc-43a7-ab72-0ecf8a011164-003,
Endpoint,//sync.targeting.unrulymedia.com/csync/RX-37f85c2a-3d68-4503-8636-49a23658530a-003,
Endpoint,//investor.trinet.com/news/news-details/2023/TriNet-to-Debut-Second-Season-of-Shifting-Grounds-Podcast-That-Focuses-on-The-Future-of-Work-Innovation-and-Agility/default.aspx#maincontent,
Endpoint,//sync.1rx.io/usersync/simplifi/44210F46E9354D1083063D692F73728A,
Endpoint,//d2genwge1af44w.cloudfront.net/assets/moments-4fa4d4db76ae985783efceda74374f4831f9b1a1.js,
Endpoint,//investor.trinet.com/news/news-details/2015/TriNet-Inspire-Insights-Presents-Find-and-Fix-7-Common-Pitfalls-in-Biotech-Startups/default.aspx,
Endpoint,//sync.1rx.io/usersync/simplifi/15533E97975649659A90BFD5CA2587AA,
Endpoint,//sync.targeting.unrulymedia.com/csync/RX-815fb847-30bc-41af-829f-3c5dec002114-003,
Endpoint,//investor.trinet.com/news/news-details/2014/TriNet-Improves-Interest-Rate-on-Senior-Secured-Credit-Facilities/default.aspx,
Endpoint,//sync.targeting.unrulymedia.com/csync/RX-bcd680ee-b6b5-44c8-83f7-006ba68ada7c-003,
Endpoint,//investor.trinet.com/news/news-details/2016/TriNet-Announces-50-Million-Increase-to-Stock-Repurchase-Program/default.aspx,
Endpoint,//sync.targeting.unrulymedia.com/csync/RX-c901edd0-9628-4456-b85c-3dcb2d86e3c8-003,
Endpoint,//investor.trinet.com/news/news-details/2015/TriNet-to-Report-Third-Quarter-2015-Financial-Results-on-November-2/default.aspx,
Endpoint,//sync.targeting.unrulymedia.com/csync/RX-2a08968f-64c9-4775-81b4-79b453aee277-003,
Endpoint,//sync.1rx.io/usersync/simplifi/73FC2DA4B02F4EFBBAC024A988D5A88F,
Endpoint,//sync.targeting.unrulymedia.com/csync/RX-e93cb98e-b14e-405f-ba21-77471f41933c-003,
Endpoint,//investor.trinet.com/news/news-details/2015/New-HR-Solution-Gives-Not-for-Profits-Access-to-Products-and-Services-Designed-for-Their-Unique-HR-Needs/default.aspx#maincontent,
Endpoint,//sync.targeting.unrulymedia.com/csync/RX-1ec54c5c-7e27-4f72-b49c-8f8eae4c49d8-003,
Endpoint,//investor.trinet.com/events-and-presentations/event-details/2023/TD-Cowen-Inaugural-Human-Capital-Management-Summit-2023-WOKRvTw8pE/default.aspx,
Endpoint,//sync.1rx.io/usersync/simplifi/7EF2CA37552F426481B296D0D58CBA0C,
Endpoint,//investor.trinet.com/news/news-details/2024/TriNet-to-Report-Fourth-Quarter-2023-Financial-Results-on-February-15/default.aspx#maincontent,
Endpoint,//sync.1rx.io/usersync/simplifi/BE6B26FA228E4CCFB025E1483A3EEC59,
Endpoint,//sync.1rx.io/usersync/simplifi/562788E50FC248A3BB5AA833BEDF2DE6,
Endpoint,//sync.targeting.unrulymedia.com/csync/RX-3c533358-c1bc-44d8-b743-cd2c6169336a-003,
Endpoint,//sync.targeting.unrulymedia.com/csync/RX-b475e0fa-c7bf-4c3a-b901-bc2c6f16025a-003,
Endpoint,//player.vimeo.com/video/799665024,
Endpoint,//sync.targeting.unrulymedia.com/csync/RX-13fc20b2-7525-4678-aa95-f2fde0756915-003,
Endpoint,//sync.1rx.io/usersync/simplifi/D13B03364EB249C4819FEB509E52F702,
Endpoint,//investor.trinet.com/news/news-details/2022/TriNet-Webinar-The-Complexity-of-a-Post-Dobbs-Workplace---What-SMBs-Need-to-Know/default.aspx#maincontent,
Endpoint,//investor.trinet.com/news/news-details/2014/TriNet-to-Report-Third-Quarter-2014-Financial-Results-on-November-4/default.aspx,
Endpoint,//sync.targeting.unrulymedia.com/csync/RX-bff7e856-9895-4598-9665-84944b761df5-003,
Endpoint,//sync.1rx.io/usersync/simplifi/87F86F612C1D4350A633B71B44BFBD30,
Endpoint,//investor.trinet.com/news/news-details/2016/TriNet-Expands-Austin-Office-Connects-With-Regional-Technology-Community/default.aspx,
Endpoint,//sync.1rx.io/usersync/simplifi/D6FDAF9B0A6042D69471B48000AB8D4A,
Endpoint,//sync.1rx.io/usersync/simplifi/B3B680C192C94C36A20A2E9E4E2D7844,
Endpoint,//investor.trinet.com/news/news-details/2022/TriNet-Webinar-California-Employment-Law-Challenges-to-Keep-Top-of-Mind-and-Whats-New-in-2022-35ead5c19/default.aspx,
Endpoint,//sync.1rx.io/usersync/simplifi/A756EF4C3B334CB6A5BD27E6F5217AC9,
Endpoint,//sync.1rx.io/usersync/simplifi/345A3FC540F64DA6ACAEC6ABB0DE335F,
Endpoint,//investor.trinet.com/news/news-details/2020/TriNet-Webinar-Bridging-the-Health-Coverage-Gap--Facilitating-Access-to-Alternative-Offerings-for-Small-and-Medium-Size-Businesses/default.aspx,
Endpoint,//sync.1rx.io/usersync/simplifi/D9EEB508E8AE45FAB9976A5A3C411FF6,
Endpoint,//investor.trinet.com/news/news-details/2021/TriNet-and-The-New-York-Times-Debut-The-People-Report-at-TriNet-PeopleForce/default.aspx#maincontent,
Endpoint,//player.vimeo.com/video/870355884,
Endpoint,//investor.trinet.com/events-and-presentations/event-details/2015/TriNet-Fourth-Quarter-and-Full-Year-2014-Financial-Results/default.aspx,
Endpoint,//sync.1rx.io/usersync/simplifi/4A887FBEF829485894683C5C84FD4E90,
Endpoint,//investor.trinet.com/events-and-presentations/event-details/2018/Stifel-2018-Cross-Sector-Insight-Conference-/default.aspx,
Endpoint,//investor.trinet.com/events-and-presentations/event-details/2014/TriNet-Third-Quarter-2014-Financial-Results/default.aspx,
Endpoint,//investor.trinet.com/news/news-details/2023/TriNet-Announces-Pricing-of-Private-Offering-of-400-Million-of-Senior-Notes-due-2031/default.aspx,
Endpoint,//dc.ads.linkedin.com/collect/,
Endpoint,//sync.1rx.io/usersync/simplifi/D2CC1760E555455CBF740B3D41D558AD,
Endpoint,//investor.trinet.com/news/news-details/2023/Burton-M.-Goldfield-TriNet-President--CEO-Spoke-at-TriNets-New-Brand-Identity-Unveiling/default.aspx#maincontent,
Endpoint,//sync.1rx.io/usersync/simplifi/06FD96973CCA478FAF8DA3B53E0749D9,
Endpoint,//investor.trinet.com/news/news-details/2020/TriNet-Webinar-Series-Supporting-Employee-Well-Being-During-COVID-19/default.aspx,
Endpoint,//sync.1rx.io/usersync/simplifi/BC7445F1C9BD40D2A25F467217E77631,
Endpoint,//sync.targeting.unrulymedia.com/csync/RX-2cc9d6ed-f369-438f-bdbd-0ee47d22dbe5-003,
Endpoint,//sync.1rx.io/usersync/simplifi/A43A9256CD084B7680999398C8C65CBC,
Endpoint,//investor.trinet.com/news/news-details/2016/Atairos-to-Acquire-Ownership-Stake-in-TriNet-from-General-Atlantic-TriNet-Welcomes-New-Strategic-Investor-and-Board-Member/default.aspx#maincontent,
Endpoint,//sync.targeting.unrulymedia.com/csync/RX-703bcc23-2c63-43d2-9f5c-1c2fa750f102-003,
Endpoint,//sync.targeting.unrulymedia.com/csync/RX-8334a689-af2b-448c-8743-9b92c868efc0-003,
Endpoint,//investor.trinet.com/news/news-details/2023/TriNet-Group-Inc.-Announces-Preliminary-Results-of-its-Fixed-Price-Tender-Offer/default.aspx,
Endpoint,//sync.1rx.io/usersync/simplifi/EC2796C9882E4B69870E5EC4B6C7623F,
Endpoint,//investor.trinet.com/news/news-details/2023/TriNet-Launches-New-Website-That-Provides-Small-and-Medium-Size-Businesses-with-Powerful-HR-Solutions/default.aspx#maincontent,
Endpoint,//investor.trinet.com/events-and-presentations/event-details/2015/TriNet-Second-Quarter-2015-Financial-Results/default.aspx#maincontent,
Endpoint,//investor.trinet.com/news/news-details/2019/TriNet-to-Present-at-the-William-Blair-39th-Annual-Growth-Stock-Conference/default.aspx,
Endpoint,//investor.trinet.com/news/news-details/2021/TriNet-to-Participate-at-the-Stifel-2021-Virtual-Cross-Sector-Insight-Conference/default.aspx#maincontent,
Endpoint,//investor.trinet.com/news/news-details/2022/TriNet-Group-Inc.-Commences-a-Modified-Dutch-Auction-Tender-Offer-to-Repurchase-up-to-300-Million-of-its-Common-Stock/default.aspx#maincontent,
Endpoint,//investor.trinet.com/news/news-details/2016/Number-of-Millennials-Investing-in-Their-Retirement-Savings-Has-Increased-by-More-Than-70-Percent-Since-2012/default.aspx,
Endpoint,//sync.targeting.unrulymedia.com/csync/RX-c223ad74-92d2-49d3-a2c2-2fbbd7568673-003,
Endpoint,//investor.trinet.com/news/news-details/2022/TriNet-PeopleForce-2022-SessionsAvailable-for-On-Demand-Viewing/default.aspx#maincontent,
Endpoint,//identity.trinet.com/cdn-cgi/challenge-platform/h/g/orchestrate/chl_page/v1,
Endpoint,//d2genwge1af44w.cloudfront.net/assets/moments-168e3663f288dea9ccb9f239381cb8772d67a7a0.js,
Endpoint,//investor.trinet.com/news/news-details/2018/TriNet-Announces-First-Quarter-2018-Results/default.aspx,
Endpoint,//investor.trinet.com/news/news-details/2014/TriNet-to-Report-Second-Quarter-2014-Financial-Results-on-August-4/default.aspx#maincontent,
Endpoint,//sync.targeting.unrulymedia.com/csync/RX-915bbccb-b10a-4534-843b-86cc4d3feaa5-003,
Endpoint,//sync.1rx.io/usersync/simplifi/E23B77D986754656AB3DAD81E0E1E6B7,
Endpoint,/tag-e275aa712406d023c6ef171dd4139fb5.js,
Endpoint,//sync.1rx.io/usersync/simplifi/D24F1654761049A1888A53873C959ECE,
Endpoint,//sync.targeting.unrulymedia.com/csync/RX-9a84aebf-dce6-4195-8fae-bcd3d1417f68-003,
Endpoint,//sync.1rx.io/usersync/simplifi/EFFBF413D0014A55B3C7E5F69C9AAB4E,
Endpoint,//investor.trinet.com/events-and-presentations/event-details/2018/Morgan-Stanley-Technology-Media--Telecom-Conference/default.aspx#maincontent,
Endpoint,//rise.trinet.com/app-11d5daeffadbf03de2b4.js,
Endpoint,//investor.trinet.com/events-and-presentations/event-details/2017/TriNet-Fourth-Quarter-2016-Financial-Results/default.aspx#maincontent,
Endpoint,//sync.targeting.unrulymedia.com/csync/RX-1583fe66-410a-4f6d-b9fa-d377fd32c239-003,
Endpoint,//investor.trinet.com/news/news-details/2022/TriNet-PeopleForceX-Event-for-Los-Angeles-Small-And-Medium-Size-Business-Leaders-Wednesday-November-2/default.aspx#maincontent,
Endpoint,//investor.trinet.com/news/news-details/2015/TriNet-Mobile-Expense-App-Brings-On-the-Go-Simplicity-to-Travel-Expenses/default.aspx,
Endpoint,//sync.targeting.unrulymedia.com/csync/RX-c1a250ad-5a7f-48ec-b6fd-4231d8559e63-003,
Endpoint,//sync.1rx.io/usersync/simplifi/1A73DCB75EF04D3BAFBB3904F787B6B8,
Endpoint,//investor.trinet.com/events-and-presentations/event-details/2023/The-Bank-of-America-Securities-Leveraged-Finance-Conference-2023-XtExOYmTma/default.aspx#maincontent,
Endpoint,//sync.1rx.io/usersync/simplifi/FA0BFF874AAA42FC9B08497929DF983A,
Endpoint,//player.vimeo.com/video/821821774,
Endpoint,//investor.trinet.com/events-and-presentations/event-details/2022/TriNet-Third-Quarter-2022-Financial-Results/default.aspx#maincontent,
Endpoint,//investor.trinet.com/events-and-presentations/event-details/2017/JP-Morgan-2017-Global-Technology-Media--Telecom-Conference/default.aspx,
Endpoint,//investor.trinet.com/news/news-details/2023/TriNet-Unveils-First-Wave-of-Speakers-for-TriNet-PeopleForce-2023-Including-World-Champion-and-Mental-Health-Advocate-Michael-Phelps/default.aspx,
Endpoint,//investor.trinet.com/news/news-details/2016/TriNet-Launches-New-HR-Product-to-Address-Pain-Points-for-SMBs-in-the-Technology-Industry/default.aspx#maincontent,
Endpoint,//investor.trinet.com/events-and-presentations/event-details/2017/TriNet-First-Quarter-2017-Financial-Results/default.aspx#maincontent,
Endpoint,//sync.targeting.unrulymedia.com/csync/RX-ebc38700-5fea-43ee-8e55-0afc02d073f8-003,
Endpoint,//sync.1rx.io/usersync/simplifi/7AC944DB6F834F6FBE6CA9F180BD4C29,
Endpoint,//sync.1rx.io/usersync/simplifi/F4FCB357EC9446418E9939F0A69EB81E,
Endpoint,//investor.trinet.com/news/news-details/2023/TriNet-Announces-Proposed-Private-Offering-of-500-Million-of-Senior-Notes-due-2031/default.aspx#maincontent,
Endpoint,//sync.targeting.unrulymedia.com/csync/RX-5b5301a1-7257-4875-8394-81f5da2de456-003,
Endpoint,//sync.1rx.io/usersync/simplifi/B1435D1DAFBA4CAD81A1D6EF396E658D,
Endpoint,//sync.1rx.io/usersync/simplifi/F604562188C4471B8405D21D6601D224,
Endpoint,//investor.trinet.com/news/news-details/2020/Announcing-TriNet-PeopleForce-A-Virtual-Conference-Focused-on-Business-Resiliency--Growth-Health-Care-Trends-Diversity--Inclusion-and-the-Future-of-Work-for-SMBs/default.aspx#maincontent,
Endpoint,//sync.1rx.io/usersync/simplifi/7D01E1BF9A89459FBADA048A0C4D72EC,
Endpoint,//www.youtube.com/embed/MAQMmtmpwHQ,
Endpoint,//sync.targeting.unrulymedia.com/csync/RX-178f1f94-c5ee-4e89-b777-a1d3959ca5ea-003,
Endpoint,//sync.1rx.io/usersync/simplifi/82FE50A5A32049F581DD1C6520847734,
Endpoint,//player.vimeo.com/video/836266675,
Endpoint,//investor.trinet.com/events-and-presentations/event-details/2016/JP-Morgan-2016-Ultimate-Services-Investor-Conference/default.aspx#maincontent,
Endpoint,//investor.trinet.com/news/news-details/2016/Stevie-Awards-for-Great-Employers-Names-TriNet-One-of-the-Worlds-Best-Human-Resources-Businesses/default.aspx,
Endpoint,//sync.targeting.unrulymedia.com/csync/RX-ebd3c981-53d8-4c0d-a973-b69caf306e7b-003,
Endpoint,//investor.trinet.com/js/typescript/dist/index.js,
Endpoint,//sync.targeting.unrulymedia.com/csync/RX-3cc095dd-5c87-4b01-abe6-e46e9055f5a1-003,
Endpoint,//player.vimeo.com/video/819278018,
Endpoint,//investor.trinet.com/events-and-presentations/event-details/2018/TriNet-Second-Quarter-2018-Financial-Results/default.aspx#maincontent,
Endpoint,//sync.1rx.io/usersync/simplifi/8C67D607762D45C886B35B4397512457,
Endpoint,//investor.trinet.com/news/news-details/2020/TriNet-Vice-President-and-Associate-General-Counsel-to-Speak-at-Women-in-Legal--Corporate-Leadership-Summit-on-March-4/default.aspx#maincontent,
Endpoint,//investor.trinet.com/news/news-details/2016/TriNet-Insights-Presents-ACA-Over-Lunch-in-San-Francisco/default.aspx#maincontent,
Endpoint,//investor.trinet.com/news/news-details/2023/TriNet-Announces-Additional-Speakers-for-TriNet-PeopleForce-2023-Including-Six-TriNet-Customers-More-Too-Life-JOAN-Creative-Happiest-Baby-Zap-Surgical-Systems-Mission-Asset-Fund-and-Talkspace/default.aspx,
Endpoint,//investor.trinet.com/news/news-details/2023/TriNet-Underscores-Commitment-to-its-CSR-Program-and-Announces-Partnership-with-the-National-Association-of-Women-Business-Owners/default.aspx#maincontent,
Endpoint,//investor.trinet.com/news/news-details/2021/TriNet-Webinar-Recruiting-and-Onboarding-in-a-Virtual-or-Hybrid-Environment/default.aspx,
Endpoint,//investor.trinet.com/news/news-details/2021/77th-United-States-Secretary-of-the-Treasury-Steven-Mnuchin-Added-to-TriNet-PeopleForce-Roster-of-Esteemed-Speakers/default.aspx#maincontent,
Endpoint,//sync.targeting.unrulymedia.com/csync/RX-91130985-bb75-4086-a389-33ceedb02f23-003,
Endpoint,//investor.trinet.com/events-and-presentations/event-details/2017/Deutsche-Bank-2017-Technology-Conference/default.aspx#maincontent,
Endpoint,//sync.1rx.io/usersync/simplifi/67D6602C11394E0BB75C865D0EF2A0DF,
Endpoint,//investor.trinet.com/news/news-details/2016/TriNet-to-Participate-at-the-JP-Morgan-2016-Ultimate-Services-Investor-Conference/default.aspx,
Endpoint,//sync.1rx.io/usersync/simplifi/392F76F0DA3B4A908822E2649E3007CC,
Endpoint,//sync.targeting.unrulymedia.com/csync/RX-f20f9c15-6c57-47e8-a35b-2b6892666390-003,
Endpoint,//investor.trinet.com/news/news-details/2021/Renowned-Female-Entrepreneurs-Bobbi-Brown-and-Rebecca-Minkoff-Join-TriNet-PeopleForce-Roster-of-Distinguished-Speakers/default.aspx#maincontent,
Endpoint,//investor.trinet.com/news/news-details/2020/TriNet-Unveils-the-Next-Chapter-of-Its-Award-Winning-People-Matter-Ad-Campaign/default.aspx#maincontent,
Endpoint,//sync.targeting.unrulymedia.com/csync/RX-7b321cec-4b86-4a69-aa70-1ebe2918a3ae-003,
Endpoint,//sync.1rx.io/usersync/simplifi/2E37E995D121471185964DBACEFD8103,
Endpoint,//sync.targeting.unrulymedia.com/csync/RX-da2f524f-7874-49cf-8f33-c7e322924711-003,
Endpoint,//investor.trinet.com/news/news-details/2023/TriNet-Webinar-Weathering-the-Storm--Critical-Considerations-for-SMBs-to-Navigate-the-Current-Banking-Crisis/default.aspx,
Endpoint,//investor.trinet.com/events-and-presentations/event-details/2023/Deutsche-Banks-31st-Annual-Leveraged-Finance-Conference-2023--K9y8UKp42/default.aspx,
Endpoint,//investor.trinet.com/news/news-details/2015/TriNet-to-Participate-at-the-JP-Morgan-Technology-Media-and-Telecom-Investor-Conference/default.aspx,
Endpoint,//investor.trinet.com/news/news-details/2015/TriNet-Announces-Third-Quarter-Fiscal-2015-Results/default.aspx,
Endpoint,/tag-e91c5a36c3204342d0cb896a3d55cd7e.js,
Endpoint,//sync.targeting.unrulymedia.com/csync/RX-5f2360a7-154d-431b-aeff-f414c28aa368-003,
Endpoint,//sync.targeting.unrulymedia.com/csync/RX-013735b3-8175-4142-a650-9980a36ac45d-003,
Endpoint,//sync.targeting.unrulymedia.com/csync/RX-8f58380b-f290-4de2-831a-9c90e597c061-003,
Endpoint,//player.vimeo.com/video/849589860,
Endpoint,//investor.trinet.com/news/news-details/2016/TriNet-Launches-New-Product-to-Address-the-HR-Needs-of-Financial-Services-SMBs/default.aspx,
Endpoint,//investor.trinet.com/news/news-details/2016/TriNet-Announces-50-Million-Increase-to-Stock-Repurchase-Program/default.aspx#maincontent,
Endpoint,//investor.trinet.com/events-and-presentations/event-details/2018/TriNet-Fourth-Quarter-2017-Financial-Results/default.aspx#maincontent,
Endpoint,//investor.trinet.com/events-and-presentations/event-details/2014/TriNet-Second-Quarter-2014-Financial-Results/default.aspx,
Endpoint,//sync.1rx.io/usersync/simplifi/7A91652736464D86A48AF7A96F16E093,
Endpoint,//sync.1rx.io/usersync/simplifi/53806676E1C94BE891A25B0A59C9E374,
Endpoint,//googleads.g.doubleclick.net/pagead/viewthroughconversion/1026675585/,
Endpoint,//sync.targeting.unrulymedia.com/csync/RX-431ff0eb-e52e-48ce-bf83-24ae56cf5d4e-003,
Endpoint,//sync.1rx.io/usersync/simplifi/F3A060EF404040E3864F1054D8936A2D,
Endpoint,//sync.1rx.io/usersync/simplifi/0C9758FE18A74B0FB0FE7576E2953BED,
Endpoint,//sync.1rx.io/usersync/simplifi/3D85A6B196FE4F0EA9F56B57FEE226BB,
Endpoint,//investor.trinet.com/investor-relations/#13,
Endpoint,//investor.trinet.com/news/news-details/2022/TriNet-Group-Inc.-Announces-Final-Results-of-its-Modified-Dutch-Auction-Tender-Offer/default.aspx#maincontent,
Endpoint,//sync.1rx.io/usersync/simplifi/F2D83F412054495C91BD4D65D56FD7E2,
Endpoint,//sync.targeting.unrulymedia.com/csync/RX-da52b2a2-be27-4242-92bd-5f0337d74f0f-003,
Endpoint,//investor.trinet.com/news/news-details/2021/TriNet-Names-Veteran-Technology-Sales-Executive-Jonathan-LeCompte-as-Senior-Vice-President-and-Chief-Sales-Officer/default.aspx#maincontent,
Endpoint,//sync.1rx.io/usersync/simplifi/0C3C656ED9DC4FB594ECD507E8CF6745,
Endpoint,//investor.trinet.com/news/news-details/2020/TriNet-Bolsters-HR-Solution-to-Further-Help-SMBs-Amid-COVID-19/default.aspx#maincontent,
Endpoint,//sync.1rx.io/usersync/simplifi/64CAD260450644EAB3CE68F20761B3D3,
Endpoint,//investor.trinet.com/news/news-details/2020/TriNet-to-Report-Second-Quarter-2020-Financial-Results-on-July-27/default.aspx,
Endpoint,//sync.1rx.io/usersync/simplifi/D342A4BA1CDB458FB61DCACF0E848BAB,
Endpoint,//player.vimeo.com/video/787010447,
Endpoint,//sync.targeting.unrulymedia.com/csync/RX-17894799-6933-4cf2-9f72-e611686b13cc-003,
Endpoint,//sync.1rx.io/usersync/simplifi/0951DF0E0AAB47A180FC963BF06151A7,
Endpoint,//investor.trinet.com/news/news-details/2014/TriNet-Prices-Secondary-Offering/default.aspx,
Endpoint,//sync.targeting.unrulymedia.com/csync/RX-0c72ae48-b33a-4a98-a628-03861d7300f2-003,
Endpoint,//investor.trinet.com/news/news-details/2021/TriNet-Webinar-HR-Challenges-and-Pitfalls-as-Employees-Return-to-Work/default.aspx#maincontent,
Endpoint,//investor.trinet.com/news/news-details/2016/TriNet-Inspire-Presents-Transforming-the-Workplace/default.aspx,
Endpoint,//investor.trinet.com/events-and-presentations/event-details/2022/Credit-Suisse-26th-Annual-Technology-Conference/default.aspx,
Endpoint,//sync.targeting.unrulymedia.com/csync/RX-42cf55be-2caa-494a-aa05-39505066ec49-003,
Endpoint,//investor.trinet.com/news/news-details/2014/TriNet-to-Report-Second-Quarter-2014-Financial-Results-on-August-4/default.aspx,
Endpoint,//sync.1rx.io/usersync/simplifi/DA13118F10354DA9B793A10CB3496A6B,
Endpoint,//investor.trinet.com/events-and-presentations/event-details/2017/Morgan-Stanley-2017-Technology-Media--Telecom-Conference/default.aspx#maincontent,
Endpoint,//sync.1rx.io/usersync/simplifi/60E3A8C06D424540924D0E943BD8E5CA,
Endpoint,//sync.targeting.unrulymedia.com/csync/RX-debb88bc-07a0-4914-bad7-f4c1b493e1ae-003,
Endpoint,//investor.trinet.com/news/news-details/2017/TriNet-to-Participate-at-the-JP-Morgan-2017-Global-Technology-Media--Telecom-Conference/default.aspx,
Endpoint,//sync.targeting.unrulymedia.com/csync/RX-3495bedc-a205-4e6e-be3e-27d4f52f35d8-003,
Endpoint,//investor.trinet.com/news/news-details/2020/TriNet-Incentivizes-Redeployment-of-Life-Sciences-Medical-Personnel-Covers-all-TriNet-Professional-Services-Fees-and-Provides-Continuing-Benefits-at-no-Cost-to-Furloughed-Medical-Personnel-Redeployed-to-Treat-COVID-19/default.aspx,
Endpoint,//ws.zoominfo.com/pixel/collect,
Endpoint,//sync.targeting.unrulymedia.com/csync/RX-c95cc5f3-cdc5-461c-9b89-fbfdb911600f-003,
Endpoint,//investor.trinet.com/news/news-details/2015/TriNet-to-Participate-at-the-Deutsche-Bank-2015-Technology-Conference/default.aspx,
Endpoint,//sync.targeting.unrulymedia.com/csync/RX-828a3ccb-1164-48ff-8a0d-1e758f72489c-003,
Endpoint,//sync.targeting.unrulymedia.com/csync/RX-23b0bfb4-bf70-4b5b-a140-385e15d57e00-003,
Endpoint,//investor.trinet.com/news/news-details/2016/TriNet-to-Report-First-Quarter-2016-Financial-Results-on-May-2/default.aspx,
Endpoint,//sync.targeting.unrulymedia.com/csync/RX-0a7ef79c-7e53-4f87-bdd5-d313b30b254c-003,
Endpoint,//investor.trinet.com/news/news-details/2023/TriNet-to-Report-First-Quarter-2023-Financial-Results-on-April-26/default.aspx,
Endpoint,//investor.trinet.com/news/news-details/2016/With-the-Presidential-Election-Just-Days-Away-TriNet-Survey-Reveals-Workers-Feelings-on-the-ACA/default.aspx,
Endpoint,//investor.trinet.com/news/news-details/2023/TriNet-Underscores-Commitment-to-its-CSR-Program-and-Announces-Partnership-with-the-National-Association-of-Women-Business-Owners/default.aspx,
Endpoint,//www.trinet.com/_astro/Checkout.a66b1512.js,
Endpoint,//investor.trinet.com/news/news-details/2020/TriNet-Webinar-Series-Maximizing-PPP-Loan-Forgiveness-for-Your-Business/default.aspx,
Endpoint,//www.youtube.com/embed/oF6Hfahh9BQ,
Endpoint,//sync.targeting.unrulymedia.com/csync/RX-b3eceee5-bdfc-42e2-8304-bed43373cf40-003,
Endpoint,//sync.1rx.io/usersync/simplifi/8C259E0793234C2FA8CC41D46F7157BE,
Endpoint,//sync.targeting.unrulymedia.com/csync/RX-bdfafc9e-749f-4467-a06e-be82eaacaf62-003,
Endpoint,//investor.trinet.com/news/news-details/2017/TriNet-to-Participate-at-the-Morgan-Stanley-2017-Technology-Media--Telecom-Conference/default.aspx,
Endpoint,//sync.targeting.unrulymedia.com/csync/RX-55d7df7c-046a-456e-866f-13a1a5cc03fd-003,
Endpoint,//investor.trinet.com/news/news-details/2023/Special-SXSW-2023-Edition-of-TriNet-PeopleForceX-on-Saturday-March-11-Live-from-Inc.-Magazines-Founders-House/default.aspx#maincontent,
Endpoint,//investor.trinet.com/news/news-details/2015/Employers-Recruiting-With-TriNet-Hire-Can-Now-Boost-Visibility-of-Their-Open-Positions-to-More-Than-100-Job-Boards-and-25-Million-Email-Alerts/default.aspx#maincontent,
Endpoint,//investor.trinet.com/events-and-presentations/event-details/2020/TriNet-Third-Quarter-2020-Financial-Results/default.aspx#maincontent,
Endpoint,//tribl.io/hub,
Endpoint,//investor.trinet.com/news/news-details/2020/Jenna-Bush-Hager-Added-to-TriNet-PeopleForce-Roster/default.aspx#maincontent,
Endpoint,//investor.trinet.com/news/news-details/2020/MEDIA-ALERT-TriNet-to-Host-Webinar-on-What-the-New-COVID-19-Stimulus-Package-Means-for-Small-and-Medium-Size-Businesses/default.aspx#maincontent,
Endpoint,//investor.trinet.com/news/news-details/2017/TriNet-to-Participate-at-the-William-Blair--Co-37th-Annual-Growth-Stock-Conference/default.aspx,
Endpoint,//investor.trinet.com/news/news-details/2015/National-Association-for-Business-Resources-Names-TriNet-One-of-the-Bay-Areas-Best-and-Brightest-Companies-to-Work-For/default.aspx#maincontent,
Endpoint,//investor.trinet.com/news/news-details/2014/TriNet-Prices-Initial-Public-Offering/default.aspx#maincontent,
Endpoint,//investor.trinet.com/news/news-details/2021/TriNet-to-Report-Fourth-Quarter-and-Full-Year-2020-Financial-Results-on-February-16/default.aspx,
Endpoint,//sync.1rx.io/usersync/simplifi/B2C7948474A74409B80EB0D398DB991D,
Endpoint,//sync.1rx.io/usersync/simplifi/BD37FD757F6B455EA46D7208902E0733,
Endpoint,//sync.1rx.io/usersync/simplifi/A3D386EEF3B04B3B9E3F9AFDDAD123B9,
Endpoint,//sync.targeting.unrulymedia.com/csync/RX-04757e3e-4e55-4187-ab0f-67ae04c901ad-003,
Endpoint,//sync.1rx.io/usersync/simplifi/ECCC93A19554446D84EA5CDD1AC5D0C3,
Endpoint,//sync.targeting.unrulymedia.com/csync/RX-70725670-89f4-4094-b5b2-14c072638d14-003,
Endpoint,//player.vimeo.com/video/546244085,
Endpoint,//sync.targeting.unrulymedia.com/csync/RX-dd086fdb-6075-4226-b4ca-c4d755549f62-003,
Endpoint,//sync.targeting.unrulymedia.com/csync/RX-faf0200b-16a5-4302-a1fd-b4bef2ebdf5b-003,
Endpoint,//sync.targeting.unrulymedia.com/csync/RX-920dfea1-60c6-4aba-9e8c-3a0163b2caf1-003,
Endpoint,//sync.1rx.io/usersync/simplifi/67605F26894E441B8EE335F608E935E7,
Endpoint,//sync.1rx.io/usersync/simplifi/A28964B10CDA4EF285FD055FC146A418,
Endpoint,//developers.trinet.com/js/main.314e8e1fc18e2bcf.js,
Endpoint,//investor.trinet.com/news/news-details/2023/TriNet-to-Host-Second-Annual-Small-Business-Week-Summit-May-1-4/default.aspx,
Endpoint,//developers.trinet.com/js/main.25c27679256abcd1.js,
Endpoint,//tags.srv.stackadapt.com/events.js,
Endpoint,//investor.trinet.com/news/news-details/2014/TriNet-Appoints-John-H-Kispert-to-Board-of-Directors/default.aspx,
Endpoint,//sync.targeting.unrulymedia.com/csync/RX-3d8db497-ac27-47df-bbec-63a42c7836ea-003,
Endpoint,//investor.trinet.com/news/news-details/2020/Top-Concerns-on-Coronavirus-COVID-19-for-Small-and-Medium-Size-Businesses-Addressed-by-TriNet/default.aspx,
Endpoint,//sync.targeting.unrulymedia.com/csync/RX-5bfb742e-b397-43a5-9dff-2fb71894102f-003,
Endpoint,//investor.trinet.com/news/news-details/2024/TriNet-Issues-Correction-to-Previously-Announced-Ex-Dividend-Date/default.aspx,
Endpoint,//investor.trinet.com/events-and-presentations/event-details/2020/JP-Morgan-Ultimate-Services-Investor-Conference/default.aspx#maincontent,
Endpoint,//investor.trinet.com/news/news-details/2021/TriNet-Named-to-Forbes-List-of-Best-Employers-for-Women-2021/default.aspx#maincontent,
Endpoint,//investor.trinet.com/events-and-presentations/event-details/2023/Bank-of-America-2023-Information--Business-Services-Conference/default.aspx,
Endpoint,//www.trinet.com/_astro/router.92c95da0.js,
Endpoint,//sync.1rx.io/usersync/simplifi/0C240764FF30461D80AD30476614CEB1,
Endpoint,//investor.trinet.com/news/news-details/2017/Survey-finds-76-Percent-of-Small-Businesses-Believe-Immigration-Reform-Could-Negatively-Impact-their-Business/default.aspx#maincontent,
Endpoint,//investor.trinet.com/news/news-details/2016/TriNet-Insights-Presents-ACA-Over-Lunch-in-Orange-County/default.aspx,
Endpoint,//investor.trinet.com/news/news-details/2015/Information-Sector-Leads-Industry-Growth-for-Sixth-Month-in-a-Row-Massachusetts-Bumps-Arizona-Out-of-the-Lead-After-Two-Months/default.aspx,
Endpoint,//investor.trinet.com/news/news-details/2022/TriNet-Announces-Third-Quarter-2022-Results/default.aspx#maincontent,
Endpoint,//sync.targeting.unrulymedia.com/csync/RX-a597d05c-0b29-40b0-bbe2-b2be40de7596-003,
Endpoint,//sync.1rx.io/usersync/simplifi/308155A472EE4E63A903AA580FA00A67,
Endpoint,//investor.trinet.com/events-and-presentations/event-details/2015/William-Blair--Co-Growth-Stock-Conference/default.aspx,
Endpoint,//sync.1rx.io/usersync/simplifi/8262D815D8FF4411B7A180F4F278D9B7,
Endpoint,//sync.1rx.io/usersync/simplifi/C70D0BB015D244FEBF58DFF7C3FD2345,
Endpoint,//player.vimeo.com/video/705564321,
Endpoint,//investor.trinet.com/news/news-details/2017/TriNet-Announces-First-Quarter-2017-Results/default.aspx#maincontent,
Endpoint,//www.youtube.com/embed/pdgUgd-IIS0,
Endpoint,//sync.1rx.io/usersync/simplifi/987653645BE9488CB58583628E0CF4AB,
Endpoint,//sync.targeting.unrulymedia.com/csync/RX-123bb465-734a-445e-8e8f-0e53c2dfa77e-003,
Endpoint,//sync.1rx.io/usersync/simplifi/5CA6574119C84E8EAF7F64BCA7C43671,
Endpoint,//sync.targeting.unrulymedia.com/csync/RX-2c6fda21-4b51-4634-ba75-5f2d288548b1-003,
Endpoint,//sync.targeting.unrulymedia.com/csync/RX-b3ea4770-30e4-41f4-9725-1b6032769c75-003,
Endpoint,//sync.1rx.io/usersync/simplifi/C6E01D08806F48F6BCFD646ABEB13F99,
Endpoint,//sync.1rx.io/usersync/simplifi/D941D85C012440F287F252BE107B80CF,
Endpoint,//sync.targeting.unrulymedia.com/csync/RX-b8b2ab55-d12b-4b74-aa07-e6846c4d9be2-003,
Endpoint,//sync.targeting.unrulymedia.com/csync/RX-5a35508e-5339-472e-b33d-78123cd03c75-003,
Endpoint,//sync.targeting.unrulymedia.com/csync/RX-d3e7b1e2-4b4e-432e-9108-2f036cc783d9-003,
Endpoint,//sync.targeting.unrulymedia.com/csync/RX-8cb5f517-9b2d-430b-8d2c-24a4f5f6ace4-003,
Endpoint,//sync.targeting.unrulymedia.com/csync/RX-86406a50-698c-413b-a468-7ed0672abb9f-003,
Endpoint,//sync.targeting.unrulymedia.com/csync/RX-84965a16-481c-4bb0-8ff3-0710992000c9-003,
Endpoint,//investor.trinet.com/events-and-presentations/event-details/2019/TriNet-Third-Quarter-2019-Financial-Results/default.aspx#maincontent,
Endpoint,//sync.targeting.unrulymedia.com/csync/RX-6edabec7-96d4-465b-b383-6c209cd63c22-003,
Endpoint,//investor.trinet.com/news/news-details/2023/TriNet-to-Report-Fourth-Quarter--Full-Year-2022-Financial-Results-on-February-15/default.aspx,
Endpoint,//investor.trinet.com/news/news-details/2017/Selling-Power-Lists-TriNet-In-Its-Top-10-of-50-Best-Companies-to-Sell-For/default.aspx#maincontent,
Endpoint,//sync.1rx.io/usersync/simplifi/D38FC6792EFE4B7497720A8FC6D1E9AA,
Endpoint,//sync.1rx.io/usersync/simplifi/CC712A4E5CAD46AF94C3F9C9940D057B,
Endpoint,//investor.trinet.com/news/news-details/2016/Number-of-Millennials-Investing-in-Their-Retirement-Savings-Has-Increased-by-More-Than-70-Percent-Since-2012/default.aspx#maincontent,
Endpoint,//investor.trinet.com/news/news-details/2021/TriNet-Webinar-Working-in-the-New-Normal---Considerations-for-Employers-in-California/default.aspx,
Endpoint,//sync.targeting.unrulymedia.com/csync/RX-96bafcf4-144b-4d03-bbc8-45dd9658ce0b-003,
Endpoint,//investor.trinet.com/news/news-details/2021/71st-Secretary-of-the-Treasury-Dr.-Lawrence-H.-Summers-Added-to-TriNet-PeopleForce-Roster-of-Esteemed-Speakers/default.aspx#maincontent,
Endpoint,//investor.trinet.com/events-and-presentations/event-details/2016/Stifel-2016-Technology-Internet--Media-Investor-Conference/default.aspx,
Endpoint,//investor.trinet.com/news/news-details/2016/TriNet-Appoints-Edward-R-Griese-as-Senior-Vice-President-of-Insurance-Services/default.aspx#maincontent,
Endpoint,//investor.trinet.com/news/news-details/2023/TriNet-Releases-2023-Environmental-Social-and-Governance-Report/default.aspx,
Endpoint,//sync.1rx.io/usersync/simplifi/FF5DA3A4B7CB4DCEA6FD93EA1F3695E2,
Endpoint,//sync.targeting.unrulymedia.com/csync/RX-c301d5fa-89dc-46b9-8946-e270a1e86fec-003,
Endpoint,//investor.trinet.com/news/news-details/2017/TriNet-Reports-Fourth-Quarter--Fiscal-Year-2016-Results/default.aspx,
Endpoint,//sync.1rx.io/usersync/simplifi/0F86482720314A06BAA8532BE15D094E,
Endpoint,//sync.1rx.io/usersync/simplifi/702394AF54C34485B7BED0F668781EEA,
Endpoint,//sync.targeting.unrulymedia.com/csync/RX-368c8ad6-8f7f-4c79-aeca-0d671cdc0e91-003,
Endpoint,//sync.1rx.io/usersync/simplifi/EBA9E514BBC842BD9EFF775CD14AEDE1,
Endpoint,//sync.1rx.io/usersync/simplifi/317CF8490B6B4BD8B14F023E007C199F,
Endpoint,//sync.1rx.io/usersync/simplifi/AF1CD7E43E504C11A9A1B60525247155,
Endpoint,//rise.trinet.com/app-c030f7e59556d75341aa.js,
Endpoint,//investor.trinet.com/news/news-details/2021/TriNet-Announces-New-Product-Features-That-Enhance-the-Competitive-Edge-for-Small-and-Medium-Size-Businesses/default.aspx#maincontent,
Endpoint,//sync.1rx.io/usersync/simplifi/0A70154FFD8A4EF8BEF4ED7512D105FD,
Endpoint,//investor.trinet.com/news/news-details/2023/TriNet-Introduces-New-Personalized-Benefits-Experience-Through-Collaboration-with-Healthee/default.aspx,
Endpoint,//investor.trinet.com/news/news-details/2015/TriNet-Announces-Fourth-Quarter-Fiscal-Year-2014-Results/default.aspx,
Endpoint,//sync.1rx.io/usersync/simplifi/635B5211AC1E4935B0897A87B0EAA1A9,
Endpoint,//dev.visualwebsiteoptimizer.com/web/djIkYTo0LjA6bm9qcXVlcnksdHI6Ny4w/tag-af4c6d3ad6067b734e0d2a0403af837d.js,
Endpoint,//investor.trinet.com/news/news-details/2016/TriNet-Announces-Fourth-Quarter-Fiscal-Year-2015-Results--50-Million-Increase-to-Stock-Repurchase-Program/default.aspx,
Endpoint,//sync.1rx.io/usersync/simplifi/A6512CD1C8274128A441A4093D99B466,
Endpoint,//investor.trinet.com/events-and-presentations/event-details/2018/TriNet-Second-Quarter-2018-Financial-Results/default.aspx,
Endpoint,//investor.trinet.com/news/news-details/2015/TriNet-Mobile-Expense-App-Brings-On-the-Go-Simplicity-to-Travel-Expenses/default.aspx#maincontent,
Endpoint,//investor.trinet.com/news/news-details/2019/TriNet-Names-Dilshad-Simons-Senior-Vice-President-Products/default.aspx,
Endpoint,//investor.trinet.com/news/news-details/2020/TriNet-Webinar-Series-Bridging-the-Cash-Flow-Gap--Navigating-Small-Business-Relief-Options/default.aspx,
Endpoint,//sync.1rx.io/usersync/simplifi/A326EA515A3E47AAAC2C4CF7FE67ED92,
Endpoint,//investor.trinet.com/news/news-details/2020/TriNet-Wins-Two-Gold-Stevie-Awards-for-its-People-Matter-Marketing-Campaign/default.aspx#maincontent,
Endpoint,//investor.trinet.com/events-and-presentations/event-details/2020/Berenberg-US-CEO-Conference-2020/default.aspx#maincontent,
Endpoint,//www.youtube.com/embed/1s7ix6BVnlo,
Endpoint,//investor.trinet.com/news/news-details/2019/TriNet-Introduces-Workforce-Analytics-to-Help-Small-and-Medium-Size-Businesses-Enhance-and-Streamline-Strategic-Business-Decisions/default.aspx#maincontent,
Endpoint,//sync.1rx.io/usersync/simplifi/6518D231C280442399F081B286C0F596,
Endpoint,//sync.targeting.unrulymedia.com/csync/RX-f8925051-d743-451d-a470-2c7a27689735-003,
Endpoint,//sync.1rx.io/usersync/simplifi/7B3381D488684410A52A4E3E172BC3E4,
Endpoint,//investor.trinet.com/news/news-details/2021/SHEconomics-An-Original-Series-Celebrating-the-Journey-of-Female-Entrepreneurs-Launches-at-TriNet-PeopleForce/default.aspx,
Endpoint,//app.hushly.com/runtime/countries/4413,
Endpoint,//sync.1rx.io/usersync/simplifi/DB409105A70F4D1F9001C96244BEFC1E,
Endpoint,//investor.trinet.com/news/news-details/2023/TriNet-to-Participate-at-Upcoming-Investor-Conferences/default.aspx#maincontent,
Endpoint,//sync.targeting.unrulymedia.com/csync/RX-a24e2d1b-6554-409c-91d1-99ada946b1a2-003,
Endpoint,//sync.1rx.io/usersync/simplifi/A106183124FA42D4AF2E157BC2C3A117,
Endpoint,//sync.1rx.io/usersync/simplifi/5D9C32EF02424281B0B41D8AACE509A4,
Endpoint,//investor.trinet.com/news/news-details/2016/TriNets-Mobile-Offerings-and-Social-Responsibility-Activities-Recognized-for-Excellence-by-the-American-Business-Awards/default.aspx#maincontent,
Endpoint,//investor.trinet.com/news/news-details/2023/TriNet-Announces-Fourth-Quarter-and-Fiscal-Year-2022-Results/default.aspx,
Endpoint,//investor.trinet.com/news/2013/default.aspx#maincontent,
Endpoint,//sync.targeting.unrulymedia.com/csync/RX-0b41dc86-2f96-4c63-8feb-d25aecf7789e-003,
Endpoint,//sync.targeting.unrulymedia.com/csync/RX-090fc381-595b-4bb5-97a7-ab2f3467fd47-003,
Endpoint,//investor.trinet.com/news/news-details/2023/TriNet-Group-Inc.-Announces-Intention-to-Launch-a-Combined-1-Billion-Fixed-Price-Tender-Offer-and-Repurchase-from-Atairos-each-at-a-Price-of-107-Per-Share-of-Common-Stock/default.aspx,
Endpoint,//dev.visualwebsiteoptimizer.com/web/djIkYTo0LjA6bm9qcXVlcnksdHI6Ny4w/tag-7426c477c66f8c93502a225e2565b7dc.js,
Endpoint,//d2genwge1af44w.cloudfront.net/assets/moments-8d84b302abfd95d06c21c04b31456175b82d17f8.js,
Endpoint,//player.vimeo.com/video/838045390,
Endpoint,//investor.trinet.com/events-and-presentations/event-details/2022/TriNet-Fourth-Quarter-2021-Financial-Results/default.aspx,
Endpoint,//sync.targeting.unrulymedia.com/csync/RX-2e571045-221b-475c-b3d9-9d9b4a103a1b-003,
Endpoint,//investor.trinet.com/news/news-details/2023/TriNet-Wins-Eight-Telly-Awards-for-its-People-Matter-Campaign/default.aspx,
Endpoint,//investor.trinet.com/events-and-presentations/event-details/2024/TriNet-Fourth-Quarter-2023-Financial-Results/default.aspx,
Endpoint,//sync.1rx.io/usersync/simplifi/A425643568AA42328D3840A8BF2B719A,
Endpoint,//investor.trinet.com/news/news-details/2021/TriNet-Announces-Premier-HR-Solution-to-Meet-the-Needs-of-Financial-Services-Firms/default.aspx,
Endpoint,//sync.1rx.io/usersync/simplifi/E403F704D89748E092EBD91325F8260E,
Endpoint,//sync.targeting.unrulymedia.com/csync/RX-62ff8b6a-19d8-40ec-8a46-8113ed67bbf2-003,
Endpoint,//sync.targeting.unrulymedia.com/csync/RX-9d08796a-0430-4c26-8353-f3faf079f043-003,
Endpoint,//investor.trinet.com/news/news-details/2016/TriNet-Launches-New-HR-Product-to-Address-Pain-Points-for-SMBs-in-the-Technology-Industry/default.aspx,
Endpoint,//sync.1rx.io/usersync/simplifi/C6FE9068D55E4535A2EE0E03790F86F2,
Endpoint,//sync.1rx.io/usersync/simplifi/5BA786F6D43349E2B7E79E94241F81BE,
Endpoint,//pixel.tapad.com/idsync/ex/receive/check,
Endpoint,//sync.targeting.unrulymedia.com/csync/RX-28cec172-ecd7-49c8-8a17-0b003745774b-003,
Endpoint,//sync.1rx.io/usersync/simplifi/A34690E450AC46A59DFDCC96C0ABD5A9,
Endpoint,//sync.targeting.unrulymedia.com/csync/RX-cc6bfdb7-5359-4054-8b38-6acea5570d40-003,
Endpoint,//connect.facebook.net/signals/config/1598612860435338,
Endpoint,//investor.trinet.com/news/news-details/2022/TriNet-Supports-LGBTQ-Entrepreneurs-with-Donation-to-StartOut/default.aspx,
Endpoint,//investor.trinet.com/news/news-details/2019/TriNet-Board-Member-Katherine-August-deWilde-Named-to-WomenIncs-Annual-List-of-Most-Influential-Corporate-Board-Directors/default.aspx,
Endpoint,//sync.targeting.unrulymedia.com/csync/RX-4603fcef-54e1-4b22-946b-8dedb4e8be9f-003,
Endpoint,//sync.1rx.io/usersync/simplifi/F3DA5C04334D43DC84FD72EB4A2A92B8,
Endpoint,//investor.trinet.com/news/news-details/2022/TriNet-PeopleForceX-Event-for-Los-Angeles-Small-And-Medium-Size-Business-Leaders-Wednesday-November-2/default.aspx,
Endpoint,//www.youtube.com/embed/dXJ_S94Twzc,
Endpoint,//investor.trinet.com/news/news-details/2019/TriNet-Introduces-Workforce-Analytics-to-Help-Small-and-Medium-Size-Businesses-Enhance-and-Streamline-Strategic-Business-Decisions/default.aspx,
Endpoint,//investor.trinet.com/events-and-presentations/event-details/2016/JP-Morgan-2016-Ultimate-Services-Investor-Conference/default.aspx,
Endpoint,//sync.targeting.unrulymedia.com/csync/RX-ffbc2177-abb9-47ff-b032-20219f1977fa-003,
Endpoint,//sync.targeting.unrulymedia.com/csync/RX-bd54bb4c-4cfd-4388-b172-58ddfb62d1e1-003,
Endpoint,//sync.targeting.unrulymedia.com/csync/RX-4d0ca655-47fd-4534-80cc-4db932c34685-003,
Endpoint,//investor.trinet.com/news/news-details/2015/TriNet-Announces-Second-Quarter-Fiscal-2015-Results/default.aspx#maincontent,
Endpoint,//investor.trinet.com/news/news-details/2016/TriNet-Insights-Presents-ACA-Over-Lunch-in-San-Diego/default.aspx,
Endpoint,//investor.trinet.com/events-and-presentations/event-details/2015/Deutsche-Bank-2015-Technology-Conference/default.aspx#maincontent,
Endpoint,//sync.targeting.unrulymedia.com/csync/RX-bb301af6-203a-4944-a6ca-d43a9a04eb91-003,
Endpoint,//sync.targeting.unrulymedia.com/csync/RX-8b77b698-a9d1-4ffb-987d-f9e0b713296b-003,
Endpoint,//sync.targeting.unrulymedia.com/csync/RX-79d5d70a-0008-4038-9239-0f9efaf39d8b-003,
Endpoint,//sync.targeting.unrulymedia.com/csync/RX-500cfcc7-a3cf-4884-a596-1fd0f90e9e71-003,
Endpoint,//investor.trinet.com/events-and-presentations/event-details/2017/William-Blair--Co-37th-Annual-Growth-Stock-Conference/default.aspx#maincontent,
Endpoint,//sync.targeting.unrulymedia.com/csync/RX-4d79ac94-2f61-4765-b89c-ccaad6dce17d-003,
Endpoint,//www.youtube.com/embed/elYtY_nGG5A,
Endpoint,//investor.trinet.com/news/news-details/2020/TriNet-President-and-Chief-Executive-Officer-Burton-M-Goldfield-to-Speak-at-Annual-Extreme-Leadership-Experience-Conference-on-February-27/default.aspx#maincontent,
Endpoint,//player.vimeo.com/video/561100887,
Endpoint,//www.youtube.com/embed/1xqH-vWt-So,
Endpoint,//sync.targeting.unrulymedia.com/csync/RX-a958466b-34db-4927-9f9f-fd5d67f7448d-003,
Endpoint,//investor.trinet.com/news/news-details/2015/Information-Sector-Leads-Industry-Growth-for-Sixth-Month-in-a-Row-Massachusetts-Bumps-Arizona-Out-of-the-Lead-After-Two-Months/default.aspx#maincontent,
Endpoint,//sync.targeting.unrulymedia.com/csync/RX-ca74c63d-c2fa-41d6-bf4c-7ad98e3c8fe7-003,
Endpoint,//sync.targeting.unrulymedia.com/csync/RX-4310dc5c-feff-4948-8d50-5c59ae95355b-003,
Endpoint,//sync.1rx.io/usersync/simplifi/26B563CCFD2140B695C13401956617CF,
Endpoint,//investor.trinet.com/news/news-details/2021/TriNet-Introduces-Corporate-Social-Responsibility-Program-That-Encourages-Entrepreneurism-Benefits-Nonprofits-and-Provides-Employee-Volunteer-Opportunities/default.aspx#maincontent,
Endpoint,//investor.trinet.com/events-and-presentations/event-details/2023/Investor-Presentation-2023--mSJ0icgfy/default.aspx#,
Endpoint,//sync.1rx.io/usersync/simplifi/DB6C6C44C37B425B929C988AC6AB5D45,
Endpoint,//sync.1rx.io/usersync/simplifi/6A9B8E2184F2410CA70E5DCCC7BEE430,
Endpoint,//sync.targeting.unrulymedia.com/csync/RX-cd1df234-3bc5-4755-94b3-0108e39187d7-003,
Endpoint,//investor.trinet.com/news/news-details/2017/TriNet-Announces-Third-Quarter-2017-Results/default.aspx,
Endpoint,//sync.targeting.unrulymedia.com/csync/RX-d0e9d59a-3c6d-4367-b733-a75a3f4fcd81-003,
Endpoint,//sync.1rx.io/usersync/simplifi/0600CA2D94CC477593C9BF42ACE6A887,
Endpoint,//investor.trinet.com/news/news-details/2016/TriNet-Insights-Presents-ACA-Over-Drinks/default.aspx,
Endpoint,//sync.1rx.io/usersync/simplifi/DDF7003413114EEAB11808B39D312CAB,
Endpoint,//rise.trinet.com/484bcb1e-f4e019d24103ba3788d7.js,
Endpoint,//investor.trinet.com/news/news-details/2021/TriNet-Announces-Appointment-of-Veteran-Board-Member-Business-Leader-and-Venture-Capitalist-Myrna-Soto-to-its-Board-of-Directors/default.aspx#maincontent,
Endpoint,//investor.trinet.com/news/news-details/2014/TriNet-Announces-First-Quarter-Fiscal-2014-Results/default.aspx,
Endpoint,//sync.targeting.unrulymedia.com/csync/RX-21ef98a2-ec3e-4248-ba72-8bd2b31ab258-003,
Endpoint,//investor.trinet.com/events-and-presentations/event-details/2018/Morgan-Stanley-Technology-Media--Telecom-Conference/default.aspx,
Endpoint,//investor.trinet.com/news/news-details/2022/TriNet-PeopleForce-2022-SessionsAvailable-for-On-Demand-Viewing/default.aspx,
Endpoint,//investor.trinet.com/news/news-details/2015/Information-Sector-Shows-Employment-Gains-Nevada-Leads-the-Country-in-Job-Growth-According-to-TriNets-SMBeat-March-Report/default.aspx#maincontent,
Endpoint,//sync.1rx.io/usersync/simplifi/0C1E339ECCE04B32B4BF9CAB86F43E3C,
Endpoint,//investor.trinet.com/news/news-details/2015/New-Alliance-Between-TriNet-and-B2B-CFO-Allows-SMBs-to-Receive-Best-in-Class-Financial-and-HR-Services-All-in-One-Place/default.aspx#maincontent,
Endpoint,//sync.1rx.io/usersync/simplifi/F9F3518E31C64383AA5BFFBD3B87E917,
Endpoint,//sync.targeting.unrulymedia.com/csync/RX-8c6cdbad-c602-479a-8e89-cd3c1df95b3d-003,
Endpoint,//investor.trinet.com/news/news-details/2021/Renowned-Female-Entrepreneurs-Bobbi-Brown-and-Rebecca-Minkoff-Join-TriNet-PeopleForce-Roster-of-Distinguished-Speakers/default.aspx,
Endpoint,//investor.trinet.com/news/news-details/2016/TriNet-Announces-Fourth-Quarter-Fiscal-Year-2015-Results--50-Million-Increase-to-Stock-Repurchase-Program/default.aspx#maincontent,
Endpoint,//investor.trinet.com/news/news-details/2014/National-Association-for-Business-Resources-Recognizes-TriNet-as-Bay-Areas-Best-and-Brightest-Elite-Company/default.aspx,
Endpoint,//sync.1rx.io/usersync/simplifi/D92DA4769145410D8353FD572779EEF5,
Endpoint,//sync.targeting.unrulymedia.com/csync/RX-cd85a601-ddeb-43c3-aac9-4e4a5e814bd6-003,
Endpoint,//investor.trinet.com/news/news-details/2020/TriNet-Announces-Second-Quarter-2020-Results-and-the-Acquisition-of-Little-Bird-HR/default.aspx,
Endpoint,//sync.targeting.unrulymedia.com/csync/RX-29655620-055c-44c2-aaa0-af0ed1fdd014-003,
Endpoint,//investor.trinet.com/news/2024/default.aspx#maincontent,
Endpoint,//investor.trinet.com/news/news-details/2022/TriNet-Teams-with-Empower-to-Provide-an-Industry-leading-TriNet-401k-Plan-for-Clients/default.aspx,
Endpoint,//sync.1rx.io/usersync/simplifi/5B6937D41FCD4436B2BD4F3BDF4262D1,
Endpoint,//investor.trinet.com/news/news-details/2024/TriNet-to-Address-How-AI-is-Changing-the-Landscape-of-HR-at-SXSW-and-Hosts-Pitch-Competition-for-Entrepreneurs-and-Innovators/default.aspx#maincontent,
Endpoint,//investor.trinet.com/events-and-presentations/event-details/2020/TriNet-Fourth-Quarter-2019-Financial-Results/default.aspx,
Endpoint,//investor.trinet.com/news/news-details/2016/Survey-Reveals-How-Employees-Feel-About-Company-Sponsored-Holiday-Parties/default.aspx#maincontent,
Endpoint,//investor.trinet.com/news/news-details/2016/Survey-Nine-out-of-Ten-US-Small-Business-Owners-Say-2016-Candidates-Dont-Make-Small-Businesses-a-Top-Priority/default.aspx,
Endpoint,//cdn.segment.com/analytics.js/v1/P1BOOVZ9SCoK9ux58cXBNYs0AYO6QDXq/analytics.min.js,API
Endpoint,//sync.1rx.io/usersync/simplifi/E2E4CC2A871143F9B050D719C3254289,
Endpoint,//sync.1rx.io/usersync/simplifi/68456467203240F685B2155C893BF0B7,
Endpoint,//sync.targeting.unrulymedia.com/csync/RX-ddbaba06-fa24-4463-bf26-4a29e099a4da-003,
Endpoint,//investor.trinet.com/news/news-details/2019/TriNet-to-Report-First-Quarter-2019-Financial-Results-on-April-29/default.aspx,
Endpoint,//tag.simpli.fi/sifitag/9e3294a0-9b1e-0139-8cbc-06b4c2516bae,
Endpoint,//simplifi.partners.tremorhub.com/sync,
Endpoint,//investor.trinet.com/news/news-details/2015/TriNet-to-Report-Second-Quarter-2015-Financial-Results-on-August-3/default.aspx#maincontent,
Endpoint,//sync.targeting.unrulymedia.com/csync/RX-dab38b59-0193-4cf3-9a28-f9b9fe7fa709-003,
Endpoint,//sync.targeting.unrulymedia.com/csync/RX-823def4a-24a8-4173-aa8e-64c2a1a3ff7a-003,
Endpoint,//sync.targeting.unrulymedia.com/csync/RX-0cba4eee-dc1c-49bc-836e-8cf93fd6019b-003,
Endpoint,//investor.trinet.com/news/news-details/2021/TriNet-Wins-Multiple-Gold-Stevie-Awards-for-its-People-Matter-Marketing-Campaign-and-TriNet-PeopleForce-Annual-Conference/default.aspx,
Endpoint,//sync.1rx.io/usersync/simplifi/7A87D75B4D6C4B6B84415EABAEF8D992,
Endpoint,//sync.targeting.unrulymedia.com/csync/RX-788428db-7161-4ffa-8190-e5bec3627e02-003,
Endpoint,//sync.targeting.unrulymedia.com/csync/RX-f5912b40-51b3-42cb-b91a-b851021bb5d6-003,
Endpoint,//sync.1rx.io/usersync/simplifi/5BC9A91664AE487387F058AD6C625FD3,
Endpoint,//sync.1rx.io/usersync/simplifi/5216661390814565B1E25CB052E1B1D0,
Endpoint,//sync.targeting.unrulymedia.com/csync/RX-b49d89a1-e71e-4776-8c3a-e030d0479b35-003,
Endpoint,//player.vimeo.com/video/843030966,
Endpoint,//cdn.bizible.com/kvp,
Endpoint,//sync.targeting.unrulymedia.com/csync/RX-ea9a7452-3acd-4a94-885f-62d02e3166c2-003,
Endpoint,//sync.targeting.unrulymedia.com/csync/RX-56050190-f70b-4a84-a151-e5fb50610e31-003,
Endpoint,//sync.targeting.unrulymedia.com/csync/RX-29c36887-072a-43fb-a563-f97a413c2266-003,
Endpoint,//sync.targeting.unrulymedia.com/csync/RX-f2acb55d-eed6-4f13-af27-c73009e13ba0-003,
Endpoint,//sync.1rx.io/usersync/simplifi/1BAE5CE45E0943308B170ABE352CEDD7,
Endpoint,//investor.trinet.com/investor-relations/#41,
Endpoint,//investor.trinet.com/news/news-details/2014/TriNet-Announces-Stock-Repurchase-Program/default.aspx#maincontent,
Endpoint,//investor.trinet.com/news/news-details/2014/TriNet-Launches-TriNet-Hire-to-Simplify-Hiring-for-Small-and-Medium-Sized-Businesses/default.aspx,
Endpoint,//sync.targeting.unrulymedia.com/csync/RX-c0392b6d-9f3d-4b9d-9f35-262dd3e2687e-003,
Endpoint,//investor.trinet.com/news/news-details/2023/TriNet-Announces-Third-Quarter-2023-Results/default.aspx#maincontent,
Endpoint,//sync.targeting.unrulymedia.com/csync/RX-11c5105a-c9e1-41b4-80be-750d5ff3e456-003,
Endpoint,//c.bing.com/c.gif,Static
Endpoint,//sync.1rx.io/usersync/simplifi/BFD14A5E829E4EEC96D5F20B06BA9371,
Endpoint,//investor.trinet.com/news/news-details/2020/TriNet-to-Report-Third-Quarter-2020-Financial-Results-on-October-26/default.aspx#maincontent,
Endpoint,//investor.trinet.com/news/news-details/2015/CEO-World-Awards-Names-TriNet-CEO-Burton-Goldfield-Gold-Award-Winner-in-CEO-of-the-Year-Category/default.aspx,
Endpoint,//sync.1rx.io/usersync/simplifi/2EFF70DA2EE845678261C878A57E42FF,
Endpoint,//sync.1rx.io/usersync/simplifi/EFADD40840BB419AA340EB3CB7DE2FAD,
Endpoint,//investor.trinet.com/events-and-presentations/event-details/2021/TriNet-Fourth-Quarter-and-Full-Year-2020-Financial-Results/default.aspx#maincontent,
Endpoint,//sync.1rx.io/usersync/simplifi/D9874755713A446E8285AAFFCDDEF2DC,
Endpoint,//sync.1rx.io/usersync/simplifi/DFD92446A4BC4E7380C0B4E951DF01E2,
Endpoint,//investor.trinet.com/news/news-details/2015/TriNet-to-Participate-at-the-JP-Morgan-Technology-Media-and-Telecom-Investor-Conference/default.aspx#maincontent,
Endpoint,//investor.trinet.com/news/news-details/2020/TriNet-Announces-First-Quarter-2020-Results/default.aspx#maincontent,
Endpoint,//investor.trinet.com/news/news-details/2017/Next-Generation-Technology-Takes-the-Hassle-Out-of-HR-for-Small-and-Midsize-Businesses/default.aspx,
Endpoint,//sync.1rx.io/usersync/simplifi/03EE3D0D150D40768A5CE60048889F84,
Endpoint,//investor.trinet.com/news/news-details/2022/TriNet-to-Report-Fourth-Quarter-and-Full-Year-2021-Financial-Results-on-February-14/default.aspx#maincontent,
Endpoint,//sync.1rx.io/usersync/simplifi/B0AC1AE8E6A24B90AE516A43CA6DA591,
Endpoint,//sync.1rx.io/usersync/simplifi/1FAA3C73182B45B78CC9E1E57B5B79C6,
Endpoint,//sync.1rx.io/usersync/simplifi/B6BCC4A150034511AB23983001E70288,
Endpoint,//sync.targeting.unrulymedia.com/csync/RX-e48632c4-8a98-4bfe-989d-564656954b9a-003,
Endpoint,//investor.trinet.com/q4api/v4/captcha,API
Endpoint,//investor.trinet.com/news/news-details/2021/TriNet-President-and-Chief-Executive-Officer-Burton-M.-Goldfield-to-Reveal-Current-State-of-Small-and-Medium-Size-Businesses-at-TriNet-PeopleForce/default.aspx,
Endpoint,//investor.trinet.com/news/news-details/2016/TriNet-Insights-Presents-ACA-Over-Lunch-in-Dallas/default.aspx,
Endpoint,//sync.targeting.unrulymedia.com/csync/RX-32708a90-bcbd-4bb9-af65-f27b0dac2bf6-003,
Endpoint,//investor.trinet.com/news/news-details/2015/Louisiana-Has-the-Hardest-Working-Population-in-the-US-While-Nevada-Workers-Rank-Among-Lowest-for-Weekday-Work-Hours-and-Among-Highest-for-Weekend-Work-Hours/default.aspx#maincontent,
Endpoint,//sync.targeting.unrulymedia.com/csync/RX-e1778fbf-fc53-4df1-889b-380b0d6b9fac-003,
Endpoint,//sync.1rx.io/usersync/simplifi/A2DC1BD4A77B414FBF832C22C6CA144C,
Endpoint,//sync.targeting.unrulymedia.com/csync/RX-4e7fac21-9873-424d-bf6b-9406fa0e0536-003,
Endpoint,//investor.trinet.com/news/news-details/2016/TriNet-Announces-Second-Quarter-Fiscal-2016-Results-and-Senior-Secured-Credit-Facility-Refinancing/default.aspx#maincontent,
Endpoint,//sync.1rx.io/usersync/simplifi/06C882D8B8C440E3A091F87238C97CC9,
Endpoint,//sync.1rx.io/usersync/simplifi/389EBFAB10484ED1A5A5202A0014DA9A,
Endpoint,//investor.trinet.com/news/news-details/2023/TriNet-Wins-Four-Stevie-Awards-for-TriNet-PeopleForce-2022/default.aspx,
Endpoint,//investor.trinet.com/investor-relations/default.aspx,
Endpoint,//sync.1rx.io/usersync/simplifi/702F6432B0B14B179FD6ACED7B10286B,
Endpoint,//sync.1rx.io/usersync/simplifi/3AA18AC363124B0D8DCF783223ADF96F,
Endpoint,//sync.targeting.unrulymedia.com/csync/RX-0d867a4e-b99d-4c6b-a008-b8a5a39e4901-003,
Endpoint,//sync.1rx.io/usersync/simplifi/F4FF80869CE544BC8B2EDEB69F6C6DCB,
Endpoint,//sync.targeting.unrulymedia.com/csync/RX-cf5d0157-9932-43dd-aaee-df245f39662a-003,
Endpoint,//investor.trinet.com/events-and-presentations/event-details/2022/TriNet-Second-Quarter-2022-Financial-Results/default.aspx#maincontent,
Endpoint,//investor.trinet.com/news/news-details/2023/TriNet-Unveils-New-Identity-that-Underscores-Position-as-the-Ideal-Platform-for-Small-and-Medium-Size-Businesses/default.aspx,
Endpoint,//sync.1rx.io/usersync/simplifi/9C52BEBE21054620842D877BD9C1DA49,
Endpoint,//sync.1rx.io/usersync/simplifi/9EFBCD819B894E22AC032578433B3962,
Endpoint,//investor.trinet.com/news/news-details/2023/CEOs--Prominent-SMB-Entrepreneurs-Share-Their-Inspirational-Stories-in-New-TriNet-Original-Series-Leading-with-Passion/default.aspx#maincontent,
Endpoint,//investor.trinet.com/news/news-details/2023/TriNet-Unveils-New-Identity-that-Underscores-Position-as-the-Ideal-Platform-for-Small-and-Medium-Size-Businesses/default.aspx#maincontent,
Endpoint,//investor.trinet.com/news/news-details/2021/TriNet-Wins-Three-Global-ACE-Awards-Including-Best-in-Show/default.aspx#maincontent,
Endpoint,//sync.1rx.io/usersync/simplifi/82A17B0C779A4116A9D5ADAF64EB9B39,
Endpoint,//sync.targeting.unrulymedia.com/csync/RX-59128db3-5afd-400a-982d-d1713b624719-003,
Endpoint,//investor.trinet.com/news/news-details/2022/TriNet-Announces-Two-Key-Executive-Appointments-Chief-Digital-and-Innovation-Officer-Jay-Venkat-and-Chief-Technology-Officer-Jeff-Hayward/default.aspx,
Endpoint,//investor.trinet.com/news/news-details/2014/TriNet-Featured-on-Selling-Powers-50-Best-Companies-to-Sell-For-List/default.aspx#maincontent,
Endpoint,//www.youtube.com/embed/rKIIgLLlFJQ,
Endpoint,//investor.trinet.com/news/news-details/2017/Richard-Beckert-Joins-TriNet-as-Senior-Vice-President-of-Finance/default.aspx,
Endpoint,//investor.trinet.com/news/news-details/2016/TriNet-Insights-Presents-ACA-Over-Lunch-in-New-Jersey/default.aspx#maincontent,
Endpoint,//sync.1rx.io/usersync/simplifi/7ABA1B54BC0646248EEFE04E97756606,
Endpoint,//sync.targeting.unrulymedia.com/csync/RX-2dc52298-d202-436e-b200-766fcbf1adae-003,
Endpoint,//investor.trinet.com/news/news-details/2015/National-Association-for-Business-Resources-Names-TriNet-One-of-the-Bay-Areas-Best-and-Brightest-Companies-to-Work-For/default.aspx,
Endpoint,//sync.targeting.unrulymedia.com/csync/RX-045f067f-4d2a-4f86-8a9c-44a97e34d350-003,
Endpoint,//investor.trinet.com/news/news-details/2021/TriNet-Wins-a-2021-Best-Customer-Support-Award-from-TrustRadius/default.aspx,
Endpoint,//investor.trinet.com/news/news-details/2015/National-Association-for-Business-Resources-Names-TriNet-One-of-the-Best-and-Brightest-Companies-to-Work-For-in-the-US/default.aspx#maincontent,
Endpoint,//sync.1rx.io/usersync/simplifi/0D60FA96A1424673AEF81311E0607DC4,
Endpoint,//investor.trinet.com/news/news-details/2015/Recent-Report-Names-TriNet-Expense-as-a-Leading-Expense-Software-Solution-for-Business-Professionals/default.aspx,
Endpoint,//investor.trinet.com/news/news-details/2022/TriNet-Webinar-Navigating-SMB-Employee-Benefits-in-a-Post-Dobbs-World/default.aspx#maincontent,
Endpoint,//sync.targeting.unrulymedia.com/csync/RX-7d183b27-dacf-4d23-863a-e83e6391377e-003,
Endpoint,//investor.trinet.com/news/news-details/2021/World-Champion-Big-Wave-Surfer-Kai-Lenny-and-Professional-Windsurfer-Keith-Teboul-Join-TriNet-PeopleForce-Roster-of-Distinguished-Speakers/default.aspx#maincontent,
Endpoint,//investor.trinet.com/news/news-details/2015/Construction-Industry-Shows-Predicted-Growth-Many-Geographic-Areas-Experience-Increased-Employment-Indexes/default.aspx#maincontent,
Endpoint,//investor.trinet.com/news/news-details/2023/TriNet-Group-Inc.-Commences-a-Fixed-Price-Tender-Offer-to-Repurchase-up-to-5981308-Shares-Representing-Approximately-640-million-in-Value-of-Shares/default.aspx#maincontent,
Endpoint,//investor.trinet.com/news/news-details/2021/77th-United-States-Secretary-of-the-Treasury-Steven-Mnuchin-Added-to-TriNet-PeopleForce-Roster-of-Esteemed-Speakers/default.aspx,
Endpoint,//investor.trinet.com/news/news-details/2015/Chief-Learning-Officer-Magazine-Names-TriNet-a-Finalist-for-Best-Organization-for-Learning-and-Development/default.aspx#maincontent,
Endpoint,//sync.targeting.unrulymedia.com/csync/RX-c8300b50-b7bf-4910-a6c7-a0dcb3e58839-003,
Endpoint,//app.leadsrx.com/visitor.js,
Endpoint,//investor.trinet.com/news/news-details/2017/TriNet-to-Report-First-Quarter-Financial-Results-on-May-2/default.aspx#maincontent,
Endpoint,//app.hushly.com/assets/widget-501241365316ccaa6a710fa6a5f52abb.js,
Endpoint,//investor.trinet.com/news/news-details/2024/TriNet-to-Address-How-AI-is-Changing-the-Landscape-of-HR-at-SXSW-and-Hosts-Pitch-Competition-for-Entrepreneurs-and-Innovators/default.aspx,
Endpoint,//investor.trinet.com/news/news-details/2022/TriNet-Launches-Inaugural-Small-Business-Week-Summit-May-2-5/default.aspx#maincontent,
Endpoint,//sync.targeting.unrulymedia.com/csync/RX-ed298845-69de-439a-9b0b-80c9a183440c-003,
Endpoint,//sync.targeting.unrulymedia.com/csync/RX-894cbe4d-848f-421b-845a-3656b7e5980b-003,
Endpoint,//investor.trinet.com/events-and-presentations/event-details/2019/TriNet-First-Quarter-2019-Financial-Results/default.aspx#maincontent,
Endpoint,//sync.1rx.io/usersync/simplifi/0B050CEB5C5F4822B15635889FB39ED7,
Endpoint,//www.youtube.com/embed/aE9bD1BmAuo,
Endpoint,//sync.1rx.io/usersync/simplifi/DC2CD43C7EC0433F95D12006C1091189,
Endpoint,//app.hushly.com/assets/widget-86616d5946edd9a2cd99f210fd4931af.css,Static
Endpoint,//investor.trinet.com/news/news-details/2020/Jenna-Bush-Hager-Added-to-TriNet-PeopleForce-Roster/default.aspx,
Endpoint,//ws.zoominfo.com/pixel/619d63b174e1e1001c418c7d,
Endpoint,//investor.trinet.com/news/news-details/2021/TriNet-Announces-Appointment-of-Ralph-Clark-President-and-Chief-Executive-Officer-of-ShotSpotter-to-its-Board-of-Directors/default.aspx,
Endpoint,//sync.1rx.io/usersync/simplifi/18C6C2E15A624332BD008BFC5BCD9332,
Endpoint,//sync.targeting.unrulymedia.com/csync/RX-20a4bdec-380b-48f6-9ca7-30cca1699f78-003,
Endpoint,//investor.trinet.com/news/news-details/2020/TriNet-Bridges-the-Health-Coverage-Gap-by-Facilitating-Access-to-Alternative-Offerings-for-Small-and-Medium-Size-Businesses/default.aspx#maincontent,
Endpoint,//investor.trinet.com/news/news-details/2019/TriNet-to-Present-at-the-2019-JP-Morgan-Ultimate-Services-Investor-Conference/default.aspx,
Endpoint,//investor.trinet.com/news/news-details/2019/TriNet-Announces-Third-Quarter-2019-Results/default.aspx#maincontent,
Endpoint,//investor.trinet.com/events-and-presentations/event-details/2023/Deutsche-Banks-31st-Annual-Leveraged-Finance-Conference-2023--K9y8UKp42/default.aspx#maincontent,
Endpoint,//rise.trinet.com/framework-29abef308e7737d951c3.js,
Endpoint,//sync.targeting.unrulymedia.com/csync/RX-b65c76f8-40e4-4ee8-a521-a72443cc178a-003,
Endpoint,//sync.1rx.io/usersync/simplifi/DF2DE3B31C544211938806714F1E766C,
Endpoint,//investor.trinet.com/news/news-details/2021/Multi-Platinum-Recording-Artist-and-Songwriter-Daniel-Powter-Joins-TriNet-PeopleForce-Roster-of-Distinguished-Speakers/default.aspx#maincontent,
Endpoint,//sync.1rx.io/usersync/simplifi/3A57BA32C2B94954A97AA94BE0B368C3,
Endpoint,//sync.1rx.io/usersync/simplifi/E55E6878AC70499F9FBA43752D447798,
Endpoint,//sync.1rx.io/usersync/simplifi/7B189FA7CD99410DB3B560CDB30945B6,
Endpoint,//sync.targeting.unrulymedia.com/csync/RX-0719b767-f944-427b-8f71-e1fff65000c9-003,
Endpoint,//sync.targeting.unrulymedia.com/csync/RX-37324fed-ab51-42d6-bd34-6c71f5b92337-003,
Endpoint,//sync.targeting.unrulymedia.com/csync/RX-afcd8fa2-e1f0-423a-af1b-32aec6561cde-003,
Endpoint,//sync.targeting.unrulymedia.com/csync/RX-000dd048-99fd-475e-b770-cdc8444b7df9-003,
Endpoint,//sync.1rx.io/usersync/simplifi/51D8343EA13740AD9333E0B76FA275A5,
Endpoint,//sync.1rx.io/usersync/simplifi/A15DE0DBE4934E39BB0FC3258A0BCF53,
Endpoint,//sync.1rx.io/usersync/simplifi/8694376BB82E4418BD700B7335EBAE84,
Endpoint,//investor.trinet.com/events-and-presentations/event-details/2017/TriNet-First-Quarter-2017-Financial-Results/default.aspx,
Endpoint,//sync.targeting.unrulymedia.com/csync/RX-f256678e-ea58-4a11-8b61-dbdcd4e18712-003,
Endpoint,//investor.trinet.com/events-and-presentations/event-details/2023/TriNet-Third-Quarter-2023-Financial-Results/default.aspx,
Endpoint,//sync.targeting.unrulymedia.com/csync/RX-713875b3-96e1-4841-aae4-e3eadc735b9a-003,
Endpoint,//investor.trinet.com/news/news-details/2014/TriNet-Appoints-John-H-Kispert-to-Board-of-Directors/default.aspx#maincontent,
Endpoint,//investor.trinet.com/news/news-details/2020/TriNets-COVID-19-Resource-Center-Earns-a-Silver-Stevie-Award-for-Most-Valuable-Corporate-Response/default.aspx,
Endpoint,//investor.trinet.com/news/news-details/2017/Richard-Beckert-Joins-TriNet-as-Senior-Vice-President-of-Finance/default.aspx#maincontent,
Endpoint,//sync.targeting.unrulymedia.com/csync/RX-19397493-c760-4fe0-b45f-98b8e39e7c10-003,
Endpoint,//sync.1rx.io/usersync/simplifi/52077AE9D4184C21979E8C20014A175B,
Endpoint,//sync.1rx.io/usersync/simplifi/40D044D8737D41399CA32207E6B7A5F5,
Endpoint,//investor.trinet.com/news/news-details/2014/Report-Finds-CEOs-of-US-Small-and-Mid-size-Businesses-can-Spend-up-to-46-of-Time-on-HR-Issues/default.aspx,
Endpoint,//sync.1rx.io/usersync/simplifi/6B0DCEE6910A470191B792DA04B547A9,
Endpoint,//investor.trinet.com/news/news-details/2014/TriNet-Passport-and-TriNet-Expense-Mobile-Apps-Win-Silver-Stevies-in-2014-American-Business-Awards/default.aspx#maincontent,
Endpoint,//sync.targeting.unrulymedia.com/csync/RX-f660d79e-6c8b-4667-9bc6-0ca4cf41ed98-003,
Endpoint,//investor.trinet.com/events-and-presentations/default.aspx,
Endpoint,//investor.trinet.com/news/news-details/2018/TriNet-Announces-Second-Quarter-2018-Results/default.aspx#maincontent,
Endpoint,//sync.1rx.io/usersync/simplifi/70435ED365CB4B5D875D2CADE484377A,
Endpoint,//sync.1rx.io/usersync/simplifi/6797A4D927934B2891B45F24D30DEF53,
Endpoint,//sync.targeting.unrulymedia.com/csync/RX-ca195e53-eeb1-4131-8568-cc29d8ef51ac-003,
Endpoint,//sync.1rx.io/usersync/simplifi/1513A914A94D48528B31504ACCFBC153,
Endpoint,//investor.trinet.com/news/news-details/2014/TriNet-Improves-Interest-Rate-on-Senior-Secured-Credit-Facilities/default.aspx#maincontent,
Endpoint,//sync.targeting.unrulymedia.com/csync/RX-1919794f-0c52-4afc-88f7-7f077b2c4e57-003,
Endpoint,//investor.trinet.com/news/news-details/2015/Chief-Learning-Officer-Magazine-Names-TriNet-a-Finalist-for-Best-Organization-for-Learning-and-Development/default.aspx,
Endpoint,//sync.targeting.unrulymedia.com/csync/RX-b3e9561b-3398-4c83-871f-8cab3be8b1bd-003,
Endpoint,//investor.trinet.com/news/news-details/2023/TriNet-Group-Inc.-Announces-Final-Results-of-its-Fixed-Price-Tender-Offer/default.aspx,
Endpoint,//stags.bluekai.com/site/29931,
Endpoint,//investor.trinet.com/news/news-details/2022/TriNet-Announces-Enrich-Learn-Tax-Optimized-Education-Assistance-Program-for-Small-and-Medium-Size-Businesses/default.aspx#maincontent,
Endpoint,//investor.trinet.com/events-and-presentations/event-details/2020/TriNet-First-Quarter-2020-Financial-Results/default.aspx#maincontent,
Endpoint,//investor.trinet.com/news/news-details/2020/TriNet-Webinar-Series-Latest-Guidance-on-PPP-Loan-Forgiveness/default.aspx,
Endpoint,//investor.trinet.com/news/news-details/2023/TriNet-Announces-First-Quarter-2023-Results/default.aspx#maincontent,
Endpoint,//sync.1rx.io/usersync/simplifi/2ED1096A89B74F8A8EDB33F086ADCF60,
Endpoint,//sync.1rx.io/usersync/simplifi/6BC76A625F354380B5779DB4B8D5B035,
Endpoint,//investor.trinet.com/news/news-details/2021/TriNet-to-Report-Second-Quarter-2021-Financial-Results-on-July-26/default.aspx,
Endpoint,//investor.trinet.com/news/news-details/2017/TriNet-Reports-Fourth-Quarter--Fiscal-Year-2016-Results/default.aspx#maincontent,
Endpoint,//investor.trinet.com/news/news-details/2016/TriNet-to-Participate-at-the-Stifel-2016-Technology-Internet--Media-Investor-Conference/default.aspx#maincontent,
Endpoint,//investor.trinet.com/events-and-presentations/default.aspx#maincontent,
Endpoint,//sync.1rx.io/usersync/simplifi/96C6D79D0CAE445DA1A0044AA054D08E,
Endpoint,//investor.trinet.com/news/news-details/2021/TriNet-Launches-2nd-Annual-TriNet-PeopleForce-A-Virtual-and-In-Person-Conference-Focused-on-Business-Transformation-Agility-and-Innovation-for-Small-and-Medium-Size-Businesses/default.aspx#maincontent,
Endpoint,//sync.targeting.unrulymedia.com/csync/RX-21265d34-47c5-4937-9465-250fae791218-003,
Endpoint,//sync.1rx.io/usersync/simplifi/D9B728DAAB2B43B087B7AEEFE6B50F02,
Endpoint,//investor.trinet.com/news/news-details/2022/TriNet-Webinar-The-Most-Common-Wage-and-Hour-Violations-in-California---and-How-to-Avoid-them/default.aspx#maincontent,
Endpoint,//i.simpli.fi/p,
Endpoint,//investor.trinet.com/news/news-details/2021/TriNet-Announces-First-Quarter-2021-Results/default.aspx,
Endpoint,//sync.1rx.io/usersync/simplifi/AA0FDFA973C043D49B269C503350B2F6,
Endpoint,//investor.trinet.com/news/news-details/2017/TriNet-to-Participate-at-the-William-Blair--Co-37th-Annual-Growth-Stock-Conference/default.aspx#maincontent,
Endpoint,//sync.1rx.io/usersync/simplifi/F1F47A38504C4F92BE86F38D834E5866,
Endpoint,//sync.targeting.unrulymedia.com/csync/RX-c16a5e9b-2cbf-42d8-a1da-79c24ca5fab0-003,
Endpoint,//sync.1rx.io/usersync/simplifi/E3ED266DBC8043508B1522E5E91DF662,
Endpoint,//sync.targeting.unrulymedia.com/csync/RX-7fda0e95-cb3f-4c7d-acda-80f9774f3c0d-003,
Endpoint,//investor.trinet.com/news/news-details/2021/TriNet-Named-to-Forbes-List-of-Best-Employers-for-Women-2021/default.aspx,
Endpoint,//sync.1rx.io/usersync/simplifi/90BB81F2D4DA4C26B9DDB2CAA176A602,
Endpoint,//sync.targeting.unrulymedia.com/csync/RX-941b3ecf-6774-48a3-b9a3-816cd867ba1e-003,
Endpoint,//sync.1rx.io/usersync/simplifi/EB7F3424AAF5449B86B4B0B9F451B962,
Endpoint,//investor.trinet.com/news/news-details/2020/TriNet-Provides-Small-and-Medium-Size-Businesses-with-Latest-on-Health-Insurance-Carrier-Offerings-During-COVID-19-Pandemic/default.aspx,
Endpoint,//investor.trinet.com/news/news-details/2016/TriNet-to-Participate-at-the-Deutsche-Bank-2016-Technology-Conference/default.aspx#maincontent,
Endpoint,//sync.targeting.unrulymedia.com/csync/RX-cc985a92-2fe4-46fd-a41b-0147c4371c3e-003,
Endpoint,//investor.trinet.com/news/news-details/2016/Selling-Power-Names-TriNet-One-of-50-Best-Companies-to-Sell-For/default.aspx,
Endpoint,//investor.trinet.com/news/news-details/2023/TriNet-to-Debut-Second-Season-of-Shifting-Grounds-Podcast-That-Focuses-on-The-Future-of-Work-Innovation-and-Agility/default.aspx,
Endpoint,//investor.trinet.com/news/news-details/2017/TriNet-Hosts-the-HR-Room-at-Access-During-NY-TechDay/default.aspx#maincontent,
Endpoint,//sync.1rx.io/usersync/simplifi/B5F4183F2CF6426B99D837ED4B328050,
Endpoint,/tag-2de22f224ab2b98b3e3786c0669e21e0.js,
Endpoint,//investor.trinet.com/news/news-details/2023/Tony-Award-Winner-Myles-Frost-Country-Music-Artist-Lauren-Davidson-and-South-Africas-Mzansi-Youth-Choir-to-Perform-at-TriNet-PeopleForce-2023/default.aspx,
Endpoint,//player.vimeo.com/video/892660220,
Endpoint,//investor.trinet.com/news/news-details/2022/Accomplished-Vocalists-Katharine-McPhee-Lauren-Davidson-Victoria-Rene-and-Loren-Allred-to-Perform-at-TriNet-PeopleForce-2022/default.aspx,
Endpoint,//sync.targeting.unrulymedia.com/csync/RX-f3ac688e-5188-4789-a00d-8a0e16c82ac6-003,
Endpoint,//sync.1rx.io/usersync/simplifi/D35E5A6FFE5A48A190A8F92FEE99458C,
Endpoint,//www.youtube.com/embed/RF8CKTsOZa4,
Endpoint,//sync.1rx.io/usersync/simplifi/C1A1892FE1334E52B83A28A331582407,
Endpoint,//ob.segreencolumn.com/i/bd5c1749efc40fa13439289c6dd22899.js,
Endpoint,//sync.targeting.unrulymedia.com/csync/RX-d7e3521e-94d1-420a-a93b-2502755203b0-003,
Endpoint,//investor.trinet.com/news/news-details/2016/Survey-Reveals-How-Employees-Feel-About-Company-Sponsored-Holiday-Parties/default.aspx,
Endpoint,//investor.trinet.com/investor-relations/default.aspx#maincontent,
Endpoint,//sync.1rx.io/usersync/simplifi/F3B4917DFAF14CC6A7C9E21BE514D3FD,
Endpoint,//sync.1rx.io/usersync/simplifi/471DAADF8C884945AA4E445420F79927,
Endpoint,//dev.visualwebsiteoptimizer.com/web/djIkdHI6Ny4w/tag-e0eae752a833bb44cde377f08ce787c5.js,
Endpoint,//investor.trinet.com/news/news-details/2021/MEDIA-ALERT-TriNet-to-Host-Webinar-on-What-the-New-COVID-19-Stimulus-Package-Means-for-Small-and-Medium-Size-Businesses/default.aspx,
Endpoint,//investor.trinet.com/events-and-presentations/event-details/2018/Investor-Presentation-August/default.aspx#maincontent,
Endpoint,//investor.trinet.com/news/news-details/2017/TriNet-to-Report-Fourth-Quarter-and-Full-Year-2016-Financial-Results-on-February-28/default.aspx,
Endpoint,//sync.targeting.unrulymedia.com/csync/RX-84ec1fa6-1c80-45db-bda4-a3c85818458d-003,
Endpoint,//player.vimeo.com/video/685657379,
Endpoint,//investor.trinet.com/news/news-details/2015/Employers-Recruiting-With-TriNet-Hire-Can-Now-Boost-Visibility-of-Their-Open-Positions-to-More-Than-100-Job-Boards-and-25-Million-Email-Alerts/default.aspx,
Endpoint,//sync.1rx.io/usersync/simplifi/7F414C82AF13424899E6D75FB98DF458,
Endpoint,//investor.trinet.com/news/news-details/2016/TriNet-Insights-Presents-ACA-Over-Drinks-in-Austin/default.aspx,
Endpoint,//app.hushly.com/runtime/visitor/4413,
Endpoint,//www.youtube.com/embed/Agk7DLaqYIc,
Endpoint,//sync.1rx.io/usersync/simplifi/B2665F5E136C4ED0AEAEA67F87D191A6,
Endpoint,//investor.trinet.com/news/news-details/2024/TriNet-to-Report-Fourth-Quarter-2023-Financial-Results-on-February-15/default.aspx,
Endpoint,//investor.trinet.com/news/news-details/2022/TriNet-Webinar-Navigating-SMB-Employee-Benefits-in-a-Post-Dobbs-World/default.aspx,
Endpoint,//sync.1rx.io/usersync/simplifi/EDC1ECFF635746CC9D49981DCCD5913C,
Endpoint,//sync.targeting.unrulymedia.com/csync/RX-3eba9a80-3a74-452e-af7b-51a1a594e947-003,
Endpoint,//sync.1rx.io/usersync/simplifi/61272ED42F344F8AAC6D5AA2A4AB7444,
Endpoint,//sync.targeting.unrulymedia.com/csync/RX-e62257f1-04c3-4712-be57-4ae428437dcb-003,
Endpoint,//sync.targeting.unrulymedia.com/csync/RX-23f80b91-7bb2-4c71-a751-18d0f6e05494-003,
Endpoint,//sync.targeting.unrulymedia.com/csync/RX-385f71ac-ea22-4a35-86bc-cc390ccbbaed-003,
Endpoint,//investor.trinet.com/news/news-details/2022/TriNet-Announces-Second-Quarter-2022-Results/default.aspx#maincontent,
Endpoint,//dev.visualwebsiteoptimizer.com/web/djIkdHI6Ny4w/tag-a0da665b4829a1977023fe68625e9449.js,
Endpoint,//sync.1rx.io/usersync/simplifi/8C2356C483444A99A311E17ECAA2E9AC,
Endpoint,//investor.trinet.com/news/news-details/2016/TriNet-Announces-First-Quarter-Fiscal-2016-Results/default.aspx,
Endpoint,//investor.trinet.com/events-and-presentations/event-details/2023/TriNet-First-Quarter-2023-Financial-Results/default.aspx#maincontent,
Endpoint,//investor.trinet.com/events-and-presentations/event-details/2023/The-JP-Morgan-Ultimate-Services-Investor-Conference-2023-fsIJRJhp3V/default.aspx,
Endpoint,//sync.targeting.unrulymedia.com/csync/RX-efa6afe8-ef7c-4ecc-9a7d-259a9c7d70b6-003,
Endpoint,//investor.trinet.com/events-and-presentations/event-details/2016/TriNet-Third-Quarter-2016-Financial-Results/default.aspx#maincontent,
Endpoint,//investor.trinet.com/news/news-details/2021/TriNet-to-Participate-at-the-J.P.-Morgan-2021-Ultimate-Services-Investor-Conference/default.aspx,
Endpoint,//calculators.symmetry.com/widget/js/401k.js,
Endpoint,//www.youtube.com/embed/0F7Rw-PXIPM,
Endpoint,//investor.trinet.com/news/news-details/2019/TriNet-Provides-Customers-with-Enhanced-Benefits-Solutions-Ahead-of-Open-Enrollment-Season/default.aspx#maincontent,
Endpoint,//investor.trinet.com/news/news-details/2017/TriNet-to-Report-Second-Quarter-Financial-Results-on-July-31/default.aspx,
Endpoint,//sync.1rx.io/usersync/simplifi/78AC42B42E3E447881C43F1B96138F9B,
Endpoint,//sync.1rx.io/usersync/simplifi/1BBC3CE9BAB24E0F93B1736CB9D05F2C,
Endpoint,//sync.targeting.unrulymedia.com/csync/RX-49285f81-2fba-4a2b-aeef-f8b77e4914a0-003,
Endpoint,//sync.targeting.unrulymedia.com/csync/RX-38d33050-1c88-431d-925c-bb4aa6a93b62-003,
Endpoint,//sync.targeting.unrulymedia.com/csync/RX-6f2b7501-765d-4f5b-9719-f3dc30e64448-003,
Endpoint,//rise.trinet.com/app-1ecdf04872454e2c211c.js,
Endpoint,//pixel.quantserve.com/pixel,
Endpoint,//investor.trinet.com/events-and-presentations/event-details/2016/Deutsche-Bank-2016-Technology-Conference/default.aspx#maincontent,
Endpoint,//sync.1rx.io/usersync/simplifi/A57ADFEC724C44C7AC0978D7C0455A1F,
Endpoint,//sync.targeting.unrulymedia.com/csync/RX-da6a8673-f7d2-4211-9060-14a8ce1914f9-003,
Endpoint,//investor.trinet.com/events-and-presentations/event-details/2015/TriNet-Third-Quarter-2015-Financial-Results/default.aspx,
Endpoint,//investor.trinet.com/news/news-details/2014/TriNet-to-Participate-at-the-JP-Morgan-Global-Technology-Media-and-Telecom-Conference/default.aspx,
Endpoint,//sync.targeting.unrulymedia.com/csync/RX-faca4836-19e3-4bd5-9e15-2740b0ff40c4-003,
Endpoint,//investor.trinet.com/news/2019/default.aspx#maincontent,
Endpoint,//sync.1rx.io/usersync/simplifi/C264505EF0C246A99B8042F2123AD52A,
Endpoint,//sync.1rx.io/usersync/simplifi/50D4C5939A904656A1A34A55800C8B50,
Endpoint,//sync.1rx.io/usersync/simplifi/A6479FA5FAD340939450A52314D79F34,
Endpoint,//investor.trinet.com/news/news-details/2020/TriNet-Unveils-the-Next-Chapter-of-Its-Award-Winning-People-Matter-Ad-Campaign/default.aspx,
Endpoint,//sync.1rx.io/usersync/simplifi/E464976BD95E40BFAB38344FB8FA9B13,
Endpoint,//sync.targeting.unrulymedia.com/csync/RX-28c6abca-ece0-4360-91aa-27871bd5a020-003,
Endpoint,//qvdt3feo.com/events.js,
Endpoint,//investor.trinet.com/news/news-details/2016/TriNet-to-Report-Third-Quarter-2016-Financial-Results-on-November-1/default.aspx,
Endpoint,//sync.1rx.io/usersync/simplifi/10CDC0E3E31041B6A120CB20FC9AD08A,
Endpoint,//investor.trinet.com/news/news-details/2019/TriNet-to-Report-Second-Quarter-2019-Financial-Results-on-July-25/default.aspx,
Endpoint,//investor.trinet.com/news/news-details/2021/TriNet-to-Participate-at-the-Bank-of-America-Securities-Leveraged-Finance-Conference/default.aspx#maincontent,
Endpoint,//investor.trinet.com/news/news-details/2021/TriNet-Wins-a-2021-Best-Customer-Support-Award-from-TrustRadius/default.aspx#maincontent,
Endpoint,//sync.1rx.io/usersync/simplifi/D6D67429F66C41E5BCE6A5BC57AD7015,
Endpoint,//investor.trinet.com/events-and-presentations/default.aspx#2022,
Endpoint,//sync.1rx.io/usersync/simplifi/0041EFA6A54642C88939F79EFF0867D0,
Endpoint,//investor.trinet.com/events-and-presentations/default.aspx#2021,
Endpoint,//investor.trinet.com/events-and-presentations/event-details/2021/Bank-of-America-Securities-Leveraged-Finance-Conference/default.aspx,
Endpoint,//investor.trinet.com/events-and-presentations/default.aspx#2024,
Endpoint,//investor.trinet.com/events-and-presentations/default.aspx#2023,
Endpoint,//investor.trinet.com/investor-relations/default.aspx#11,
Endpoint,//investor.trinet.com/investor-relations/#3,
Endpoint,//sync.1rx.io/usersync/simplifi/1FE92C1DE1AD4BFBA6EFFEBF7F808403,
Endpoint,//investor.trinet.com/events-and-presentations/default.aspx#2020,
Endpoint,//investor.trinet.com/news/news-details/2022/TriNet-Named-in-Fast-Companys-Second-Annual-List-of-Brands-That-Matter/default.aspx,
Endpoint,//tags.bluekai.com/site/20486,
Endpoint,//sync.targeting.unrulymedia.com/csync/RX-bf719d4a-b154-4511-8406-5438fd066a1f-003,
Endpoint,//player.vimeo.com/video/694609157,
Endpoint,//sync.targeting.unrulymedia.com/csync/RX-4fc74113-468a-4523-88f8-597dfcc3b090-003,
Endpoint,//sync.1rx.io/usersync/simplifi/A33EEC01760E429F89C50A7BA8DC89DA,
Endpoint,//investor.trinet.com/news/news-details/2024/TriNet-to-Celebrate-Ten-Years-as-Public-Company-with-Ringing-of-Closing-Bell-at-the-New-York-Stock-Exchange-on-March-27/default.aspx,
Endpoint,//investor.trinet.com/news/news-details/2022/TriNet-Launches-Enhanced-Technology-Platform-to-Better-Serve-Small-and-Medium-Size-Businesses/default.aspx,
Endpoint,//investor.trinet.com/news/news-details/2021/TriNet-Receives-Two-2021-TrustRadius-Top-Rated-Awards-for-HR-Management-and-Payroll/default.aspx,
Endpoint,//app.hushly.com/runtime/widget.js,
Endpoint,//investor.trinet.com/events-and-presentations/default.aspx#2019,
Endpoint,//investor.trinet.com/events-and-presentations/default.aspx#2018,
Endpoint,//sync.targeting.unrulymedia.com/csync/RX-5c13639a-5d83-4b5a-bca2-1deff6f5ef16-003,
Endpoint,//investor.trinet.com/events-and-presentations/default.aspx#2015,
Endpoint,//investor.trinet.com/events-and-presentations/default.aspx#2014,
Endpoint,//investor.trinet.com/events-and-presentations/default.aspx#2017,
Endpoint,//investor.trinet.com/news/news-details/2016/TriNet-to-Participate-at-the-Stifel-2016-Technology-Internet--Media-Investor-Conference/default.aspx,
Endpoint,//investor.trinet.com/events-and-presentations/default.aspx#2016,
Endpoint,//sync.targeting.unrulymedia.com/csync/RX-b43c88fb-3ec8-4faa-b3dc-5d935b124053-003,
Endpoint,//www.youtube.com/embed/EewOHjA_mVI,
Endpoint,//sync.1rx.io/usersync/simplifi/D05AAC3880BB439C8551E6C5F6EC1068,
Endpoint,//investor.trinet.com/news/news-details/2014/TriNet-Announces-30-Million-Increase-to-Stock-Repurchase-Program/default.aspx#maincontent,
Endpoint,//sync.targeting.unrulymedia.com/csync/RX-0c0fb1ed-614d-4065-8456-dbae7c30b0b9-003,
Endpoint,//investor.trinet.com/news/news-details/2015/TriNet-Highlights-Top-Labor-Law-Trends-Small-and-Medium-Sized-Business-Owners-Should-Know-in-2015/default.aspx#maincontent,
Endpoint,//sync.targeting.unrulymedia.com/csync/RX-7d129bb8-9a84-40dd-9fd9-5666582859f5-003,
Endpoint,//investor.trinet.com/news/news-details/2023/TriNet-Launching-Platform-Enhancements-to-Meet-Increased-Complexities-of-Running-a-Small-and-Medium-Size-Business/default.aspx,
Endpoint,//sync.targeting.unrulymedia.com/csync/RX-3b833cf4-8d1c-4e3a-bf9e-c0f7deea83d8-003,
Endpoint,//investor.trinet.com/news/news-details/2022/TriNet-Adds-Ring-Chief-Inventor-and-Founder-Jamie-Siminoff-WeWork-CEO-and-Chairman-Sandeep-Mathrani-and-Van-Leeuwen-Ice-Cream-Co-founder-and-CEO-Ben-Van-Leeuwen-to-Roster-of-Distinguished-Speakers-at-TriNet-PeopleForce-2022/default.aspx#maincontent,
Endpoint,//sync.1rx.io/usersync/simplifi/27A82B002BFE4B789C32181F54F920CF,
Endpoint,//sync.targeting.unrulymedia.com/csync/RX-671e36dc-61d0-4efc-86c9-8e9bd5960c14-003,
Endpoint,//sync.targeting.unrulymedia.com/csync/RX-64739cd7-d569-4cb7-b393-c19b774deb48-003,
Endpoint,//c212.net/c/pix/,
Endpoint,//investor.trinet.com/news/news-details/2014/TriNet-Expense-to-Sponsor-Intacct-Advantage-2014/default.aspx,
Endpoint,//www.youtube.com/embed/8mYb6dfgfYI,
Endpoint,//s21.q4cdn.com/143330715/files/js/q4.core.js,
Endpoint,//investor.trinet.com/news/news-details/2022/TriNet-Webinar-The-Most-Common-Wage-and-Hour-Violations-in-California---and-How-to-Avoid-them/default.aspx,
Endpoint,//sync.targeting.unrulymedia.com/csync/RX-82e8706c-f5c3-4d2f-bdc0-bbc992b12374-003,
Endpoint,//www.clarity.ms/tag/iyo3ndcaha,
Endpoint,//sync.targeting.unrulymedia.com/csync/RX-39a5464b-b1f1-4e4c-935d-87427addec54-003,
Endpoint,//investor.trinet.com/news/news-details/2021/TriNet-Announces-Third-Quarter-2021-Results/default.aspx,
Endpoint,//investor.trinet.com/news/news-details/2020/TriNet-Webinar-Series-Latest-Guidance-on-PPP-Loan-Forgiveness/default.aspx#maincontent,
Endpoint,//www.youtube.com/embed/viGKys_277E,
Endpoint,//investor.trinet.com/events-and-presentations/event-details/2021/TriNet-Fourth-Quarter-2020-Financial-Results/default.aspx#maincontent,
Endpoint,//sync.1rx.io/usersync/simplifi/E004FCA983B94E4C96548CFC6FF04605,
Endpoint,//investor.trinet.com/news/news-details/2017/TriNet-to-Report-Fourth-Quarter-and-Full-Year-2016-Financial-Results-on-February-28/default.aspx#maincontent,
Endpoint,//sync.targeting.unrulymedia.com/csync/RX-d1e98f4b-801d-4ad2-889b-ad281e00d806-003,
Endpoint,//investor.trinet.com/news/news-details/2023/TriNet-Announces-Partnership-with-the-American-Foundation-for-Suicide-Prevention/default.aspx#maincontent,
Endpoint,//sync.targeting.unrulymedia.com/csync/RX-fdef17b6-f406-4e3a-9d9c-dfa9ff021526-003,
Endpoint,//investor.trinet.com/news/news-details/2023/TriNet-Earns-95-in-Human-Rights-Campaign-Foundations-2023-2024-Corporate-Equality-Index/default.aspx,
Endpoint,//sync.1rx.io/usersync/simplifi/6FCDDCB5E9924EF2B85E752D5429A05B,
Endpoint,//investor.trinet.com/news/news-details/2020/TriNet-Announces-Resignation-of-Kenneth-Goldman-From-Its-Board-of-Directors/default.aspx#maincontent,
Endpoint,//sync.1rx.io/usersync/simplifi/E91C4978C8C04FBCBB9D5FA52954A66C,
Endpoint,//www.youtube.com/embed/mJvWAvzoAp0,
Endpoint,//player.vimeo.com/video/837944975,
Endpoint,//investor.trinet.com/events-and-presentations/event-details/2015/William-Blair--Co-Growth-Stock-Conference/default.aspx#maincontent,
Endpoint,//investor.trinet.com/news/news-details/2023/TriNet-Unveils-First-Wave-of-Speakers-for-TriNet-PeopleForce-2023-Including-World-Champion-and-Mental-Health-Advocate-Michael-Phelps/default.aspx#maincontent,
Endpoint,//sync.1rx.io/usersync/simplifi/24E0E2120D0048BF9DD3194DEA016E4E,
Endpoint,//sync.1rx.io/usersync/simplifi/AB41B2971DA9435E907AF324263E90E6,
Endpoint,//sync.targeting.unrulymedia.com/csync/RX-fb2cc03a-cfa1-45fd-8f81-24adabb48e24-003,
Endpoint,//investor.trinet.com/news/news-details/2016/SMBeat-Report-Shows-Positive-Growth-Across-Several-Industries-and-Significant-Regional-Increases/default.aspx#maincontent,
Endpoint,//sync.targeting.unrulymedia.com/csync/RX-68d01077-9f4c-4ddf-8d6d-30f7033de3a9-003,
Endpoint,//investor.trinet.com/news/news-details/2021/TriNet-to-Report-Second-Quarter-2021-Financial-Results-on-July-26/default.aspx#maincontent,
Endpoint,//sync.1rx.io/usersync/simplifi/5623F4B208F14B8E89766F173ECE69D6,
Endpoint,//investor.trinet.com/news/news-details/2023/Burton-M.-Goldfield-TriNet-President--CEO-Spoke-at-TriNets-New-Brand-Identity-Unveiling/default.aspx,
Endpoint,//investor.trinet.com/events-and-presentations/event-details/2019/TriNet-Third-Quarter-2019-Financial-Results/default.aspx,
Endpoint,/=/g,
Endpoint,/go,
Endpoint,/l,
Endpoint,//.test,
Endpoint,/b2b_iframes,
Endpoint,/i,
Endpoint,/input,
Endpoint,/hidden/i,
Endpoint,/radio,
Endpoint,/salesforce,
Endpoint,/servlet,
Endpoint,/email,
Endpoint,/i.test,
Endpoint,/careerbuilder,
Endpoint,/ipv,
Endpoint,//cdn.bizibly.com/u?,
Endpoint,/.,
Endpoint,/16,
Endpoint,/-/g,
Endpoint,/prerender/i.test,
Endpoint,/visible/i.test,
Endpoint,/=?,
Endpoint,/liveperson,
Endpoint,/bizible_opt_out=true/i.test,
Endpoint,/index.Bb6Pm2xz.js,
Endpoint,/debugLog.DaQN2T0o.js,
Endpoint,/or,
Endpoint,//www.oracle.com/legal/copyright.html,
Endpoint,/css,
Endpoint,/showing,
Endpoint,/show,
Endpoint,//d.oracleinfinity.io/infy/acs/account/e2767de829b3457db634985fce617b96/js/trinet/,
Endpoint,/WebKit,
Endpoint,/loaded,
Endpoint,/_ora,
Endpoint,/odc,
Endpoint,/setup,
Endpoint,//d.oracleinfinity.io/infy/acs/account/e2767de829b3457db634985fce617b96/js/trinet/analytics-production/analytics.js,
Endpoint,//d.oracleinfinity.io/infy/personalization/e2767de829b3457db634985fce617b96/production/personalization.js,
Endpoint,//dc.oracleinfinity.io/display/v1/account/e2767de829b3457db634985fce617b96/state,API
Endpoint,//d.oracleinfinity.io/infy/acs/account/e2767de829b3457db634985fce617b96/js/trinet/personalization-production/personalization.js,
Endpoint,//d.oracleinfinity.io/infy/personalization/e2767de829b3457db634985fce617b96/sandbox/personalization.js,
Endpoint,//d.oracleinfinity.io/infy/personalization/e2767de829b3457db634985fce617b96/sandbox/templates.js,
Endpoint,//d.oracleinfinity.io/infy/acs/common/js/lib/sizzle.min.js,
Endpoint,//d.oracleinfinity.io/infy/acs/common/js/lib/json2.js,
Endpoint,//d.oracleinfinity.io/infy/acs/common/js/1.3.53/common.js,
Endpoint,/pub/cc,
Endpoint,/index.CEd4to9T.js,
Endpoint,/utm.Dh44PuZJ.js,
Endpoint,/10,
Endpoint,/e/,
Endpoint,/_,
Endpoint,/0/r,
Endpoint,/MSIE,
Endpoint,/Trident,
Endpoint,/7.0/,
Endpoint,/&/g,
Endpoint,/gi,
Endpoint,//ixfd2-api.bc0a.com,
Endpoint,/ixf,
Endpoint,/api.,API
Endpoint,/api/ixf/,API
Endpoint,/get_capsule/,
Endpoint,/?,
Endpoint,//mths.be/punycode,
Endpoint,/700,
Endpoint,/t,
Endpoint,/35,
Endpoint,/E,
Endpoint,/&#,
Endpoint,/.exec,
Endpoint,/0?void,
Endpoint,//#,
Endpoint,//js.qualified.com/qualified.js?token=,
Endpoint,/router.WLLD8StG.js,
Endpoint,/#.,
Endpoint,/2g/.test,
Endpoint,/edg,
Endpoint,/opios,
Endpoint,/microm.,
Endpoint,/micromessenger,
Endpoint,/konqueror,
Endpoint,/trident.,
Endpoint,/yabrowser,
Endpoint,/coc_coc,
Endpoint,/dolfin,
Endpoint,/coast,
Endpoint,/miuibrowser,
Endpoint,/fxios,
Endpoint,/_/g,
Endpoint,/m?,
Endpoint,/fbios,
Endpoint,/fb4a,
Endpoint,/safari,
Endpoint,/iab/i,
Endpoint,//i,
Endpoint,/headlesschrome,
Endpoint,/droid.,
Endpoint,/v?,
Endpoint,/version,
Endpoint,/webkit.,
Endpoint,/8,
Endpoint,/1,
Endpoint,/412,
Endpoint,/416,
Endpoint,/417,
Endpoint,/419,
Endpoint,/mobile,
Endpoint,/ekiohf.,
Endpoint,/panasonic,
Endpoint,/master.,
Endpoint,/windows,
Endpoint,/ower/,
Endpoint,/samsung,
Endpoint,/sec-,
Endpoint,/applecoremedia,
Endpoint,/s,
Endpoint,/hm,
Endpoint,/vivo,
Endpoint,/lenovo,
Endpoint,/nokia,
Endpoint,/sony,
Endpoint,/droid,
Endpoint,/smart-tv.,
Endpoint,/hbbtv.,
Endpoint,/crkey/i,
Endpoint,/Hbbtv.,
Endpoint,/hbbtv,
Endpoint,/windows.,
Endpoint,/webkit,
Endpoint,/537,
Endpoint,/ekioh,
Endpoint,/rv,
Endpoint,/microsoft,
Endpoint,/ip,
Endpoint,/cfnetwork,
Endpoint,/mozilla,
Endpoint,/web0s,
Endpoint,/crkey,
Endpoint,/linux,
Endpoint,/chrome/i,
Endpoint,/mac/i,
Endpoint,/hasOwnProperty,
Endpoint,/r,
Endpoint,/audience_data,
Endpoint,/client_metadata,
Endpoint,/event_data,
Endpoint,/layer_data,
Endpoint,/view_data,
Endpoint,/group_data,
Endpoint,/interest_group,
Endpoint,/tag_group,
Endpoint,/global,
Endpoint,/visitor,
Endpoint,/visitor_id,
Endpoint,/layer,
Endpoint,/view,
Endpoint,/observed_redirect,
Endpoint,/jquery,
Endpoint,/plugins,
Endpoint,/object/string,
Endpoint,/change_data,
Endpoint,/directive,
Endpoint,/rum,
Endpoint,/dimension_data,
Endpoint,/session,
Endpoint,/action_data,
Endpoint,/cleanup,
Endpoint,/pending_events,
Endpoint,/visitor_bucketing,
Endpoint,/xdomain,
Endpoint,/Experiments,
Endpoint,//a30050670980.cdn.optimizely.com,
Endpoint,/client_storage/a,
Endpoint,//cdn.optimizely.com/public/30050670980/data,
Endpoint,/pending_redirect,
Endpoint,/visitor_events,
Endpoint,/visitor_events_manager,
Endpoint,/plugins/matchers/key_value,
Endpoint,/1e3,
Endpoint,/event_emitter,
Endpoint,/y,
Endpoint,//.,
Endpoint,/&?,
Endpoint,/async_request,
Endpoint,/cookie_options,
Endpoint,/log,
Endpoint,/sandbox,
Endpoint,/scr,
Endpoint,/ua_data,
Endpoint,/provider_status,
Endpoint,/t.length,
Endpoint,/o,
Endpoint,/visitor_attribute_entity,
Endpoint,/i.MILLIS_IN_A_DAY,
Endpoint,/e.length,
Endpoint,/LIMIT,
Endpoint,/browser_id,
Endpoint,//prediction.cmab.optimizely.com/predict,
Endpoint,/device,
Endpoint,//search,
Endpoint,/tracker_optimizely,
Endpoint,/integration_settings,
Endpoint,//logx.optimizely.com/v1/events,API
Endpoint,/history,
Endpoint,/performance,
Endpoint,//rum.optimizely.com/rum,
Endpoint,/client,
Endpoint,/em,
Endpoint,//www.trinet.com/thank-you/learn-more,
Endpoint,//www.trinet.com/lp/hr-outsourcing,
Endpoint,//www.trinet.com//insights/authors/bltdb7e694a5e2ee2ef,
Endpoint,//www.trinet.com/hr-services/benefit-options,
Endpoint,//www.trinet.com/resources/tools/roi-calculator/results,
Endpoint,/solutions/industry/,
Endpoint,//www.trinet.com/hr-services,
Endpoint,/resources/tools/roi-calculator/results,
Endpoint,//www.trinet.com/support,
Endpoint,//www.trinet.com/lp/hr-outsourcing/thank-you,
Endpoint,//www.trinet.com/insights/personalized-employee-benefits,
Endpoint,//www.trinet.com/hr-services/payroll,
Endpoint,//www.trinet.com/solutions/peo,
Endpoint,//www.trinet.com/insights/state-of-benefits-top-employee-benefits,
Endpoint,/hr-plus/hr-needs-assessment,
Endpoint,//www.trinet.com/login,Auth
Endpoint,//www.trinet.com/insights/how-employees-choose-benefits,
Endpoint,//app.optimizely.com/js/innie.js,
Endpoint,//localhost,
Endpoint,/main.js,
Endpoint,//app.optimizely.com/dist/visual-editor/main.js,
Endpoint,//cdn.optimizely.com/js/preview2/30050670980.js,
Endpoint,/dist/preview_data.js?token=__TOKEN__&preview_layer_ids=__PREVIEW_LAYER_IDS__,
Endpoint,/dist/js/preview_ui.js,
Endpoint,/consts.DCOJ9Fan.js,
Endpoint,/smooth-scroll.Bn150KUJ.js,
Endpoint,/mobile.D1YKsZvy.js,
Endpoint,/7,
Endpoint,/Android/.test,
Endpoint,/Linux/.test,
Endpoint,//ingesteer.services-prod.nsvcs.net/rum_collection,
Endpoint,/chrome,
Endpoint,/firefox,
Endpoint,/safari/i,
Endpoint,/opr,
Endpoint,/edg/i,
Endpoint,/50,
Endpoint,/1e4,
Endpoint,/A,
Endpoint,/1e6,
Endpoint,/google/.test,
Endpoint,/ogg,
Endpoint,/mpeg,
Endpoint,/wav,
Endpoint,/x-m4a,
Endpoint,/aac,
Endpoint,/mp4,
Endpoint,/webm,
Endpoint,/x-matroska,
Endpoint,/x,
Endpoint,/init-,
Endpoint,/eu,
Endpoint,/v/,
Parameter,quality,"Page content;Page content;Page content"
Parameter,width,"Page content;Page content"
Parameter,disable,"Page content;Page content"
Parameter,format,"Page content;Page content;Page content;Page content;Page content;Page content;Page content;Page content;Page content;Page content;Page content;Page content;Page content;Page content;Page content;Page content;Page content;Page content;Page content;Page content;Page content;Page content;Page content;Page content;Page content;Page content;Page content;Page content;Page content;Page content;Page content;Page content;Page content;Page content;Page content;Page content;Page content;Page content;Page content;Page content;Page content;Page content;Page content;Page content;Page content;Page content;Page content;Page content;Page content;Page content;Page content;Page content;Page content;Page content;Page content;Page content;Page content;Page content;Page content;Page content;Page content;Page content;Page content;Page content;Page content;Page content;Page content;Page content;Page content;Page content;Page content;Page content;Page content;Page content;Page content;Page content;Page content;Page content;Page content;Page content;Page content;Page content;Page content;Page content;Page content;Page content;Page content;Page content;Page content;Page content;Page content;Page content;Page content;Page content;Page content;Page content;Page content;Page content;Page content;Page content;Page content;Page content;Page content;Page content;Page content;Page content;Page content;Page content;Page content;Page content;Page content;Page content;Page content;Page content;Page content;Page content;Page content;Page content;Page content;Page content;Page content;Page content;Page content;Page content;Page content;Page content;Page content;Page content;Page content;Page content;Page content;Page content;Page content;Page content;Page content;Page content;Page content;Page content;Page content;Page content;Page content;Page content;Page content;Page content;Page content;Page content;Page content;Page content;Page content;Page content;Page content;Page content;Page content;Page content;Page content;Page content;Page content;Page content;Page content;Page content;Page content;Page content;Page content;Page content;Page content;Page content;Page content;Page content;Page content;Page content;Page content;Page content;Page content;Page content;Page content;Page content;Page content;Page content;Page content;Page content;Page content;Page content;Page content;Page content;Page content;Page content;Page content;Page content;Page content;Page content;Page content;Page content;Page content;Page content;Page content;Page content;Page content;Page content;Page content;Page content;Page content;Page content;Page content;Page content;Page content;Page content;Page content;Page content;Page content;Page content;Page content;Page content;Page content"
Parameter,#38,"Page content"
Parameter,id,"Page content;Page content;Page content;Page content"
Parameter,ev,"Page content"
Parameter,noscript,"Page content"
Parameter,_gl,"Page content;Page content;Page content"
Parameter,amp,"Page content;Page content;Page content;Page content;Page content;Page content;Page content;Page content;Page content;Page content;Page content;Page content;Page content;Page content;Page content;Page content;Page content;Page content;Page content;Page content;Page content;Page content;Page content;Page content;Page content;Page content;Page content;Page content;Page content;Page content;Page content;Page content;Page content;Page content;Page content;Page content;Page content;Page content;Page content;Page content;Page content;Page content;Page content;Page content;Page content;Page content;Page content;Page content;Page content;Page content;Page content;Page content;Page content;Page content;Page content;Page content;Page content;Page content;Page content;Page content;Page content;Page content;Page content;Page content;Page content;Page content;Page content;Page content;Page content;Page content;Page content;Page content;Page content;Page content;Page content;Page content;Page content;Page content;Page content;Page content;Page content;Page content;Page content;Page content;Page content;Page content;Page content;Page content;Page content;Page content;Page content;Page content;Page content;Page content;Page content;Page content;Page content;Page content;Page content;Page content;Page content;Page content;Page content;Page content;Page content;Page content;Page content;Page content;Page content;Page content;Page content;Page content;Page content;Page content;Page content;Page content;Page content;Page content;Page content;Page content;Page content;Page content;Page content;Page content;Page content;Page content;Page content;Page content;Page content;Page content;Page content;Page content;Page content;Page content;Page content;Page content;Page content;Page content;Page content;Page content;Page content;Page content;Page content;Page content;Page content;Page content;Page content;Page content;Page content;Page content;Page content;Page content;Page content;Page content;Page content;Page content;Page content;Page content;Page content;Page content;Page content;Page content;Page content;Page content;Page content;Page content;Page content;Page content;Page content;Page content;Page content;Page content;Page content;Page content;Page content;Page content;Page content;Page content;Page content;Page content;Page content;Page content;Page content;Page content;Page content;Page content;Page content;Page content;Page content;Page content;Page content;Page content;Page content;Page content;Page content;Page content;Page content;Page content;Page content;Page content;Page content;Page content;Page content;Page content;Page content;Page content;Page content;Page content;Page content;Page content;Page content;Page content;Page content"
Parameter,mt,"Page content"
Parameter,void,"https://cdn.bc0a.com/autopilot/f00000000318081/autopilot_sdk.js"
Parameter,token,"https://trinet.com/_astro/qualified-chat.astro_astro_type_script_index_0_lang.9ku9jaaW.js;https://cdn.optimizely.com/js/30050670980.js"
Parameter,preview_layer_ids,"https://cdn.optimizely.com/js/30050670980.js"
RiskyParameter,id,
RiskyParameter,void,
RiskyParameter,token,
JSFile,https://cdn.cookielaw.org/consent/a6243bc1-c506-418b-8b60-4ca2a9f5e97e/OtAutoBlock.js,
JSFile,https://cdn.cookielaw.org/scripttemplates/otSDKStub.js,
JSFile,https://cdn.optimizely.com/js/30050670980.js,
JSFile,/_astro/qualified-chat.astro_astro_type_script_index_0_lang.9ku9jaaW.js,
JSFile,/_astro/gtm-head.astro_astro_type_script_index_0_lang.Cl2NyjVm.js,
JSFile,https://cdn.bizible.com/scripts/bizible.js,
JSFile,https://d.oracleinfinity.io/infy/acs/account/e2767de829b3457db634985fce617b96/js/trinet/odc.js,
JSFile,/_astro/oracle-unity.astro_astro_type_script_index_0_lang.Cn012nn0.js,
JSFile,//cdn.bc0a.com/autopilot/f00000000318081/autopilot_sdk.js,
JSFile,https://img.en25.com/i/elqCfg.min.js,
JSFile,https://www.redditstatic.com/ads/pixel.js,
JSFile,/_astro/ClientRouter.astro_astro_type_script_index_0_lang.B0JFCTGp.js,
JSFile,/_astro/default.astro_astro_type_script_index_0_lang.DbhMMhal.js,
JSFile,/_astro/globals.astro_astro_type_script_index_0_lang.jBfRxWgE.js,
JSFile,/_astro/default.astro_astro_type_script_index_1_lang.D6deNOQi.js,
JSFile,/_astro/InformationBannerOrg.CS75A5mn.js,
JSFile,/_astro/client.kyTutNRl.js,
JSFile,https://connect.facebook.net/en_US/fbevents.js,
JSFile,https://api.fouanalytics.com/api/init-2610wqqn2z802ns5kpnd.js,
JSFile,/visitor.js,
JSFile,/_astro/AuxiliaryLinks.astro_astro_type_script_index_0_lang.DBsVjKTD.js,
JSFile,/_astro/LoginForTopBar.astro_astro_type_script_index_0_lang.bqVZM3Zw.js,
JSFile,/_astro/CompanyLogo.astro_astro_type_script_index_0_lang.whqrlyCb.js,
JSFile,/_astro/LoginForDrawer.astro_astro_type_script_index_0_lang.RI3lsBLb.js,
JSFile,/_astro/NavMain.astro_astro_type_script_index_0_lang.B7W6CYqz.js,
JSFile,/_astro/HomeHeroTemp.B_03_ZUv.js,
JSFile,/_astro/home-quote.DIKCftTE.js,
JSFile,/_astro/HomeExpandableCardsTemp.BKM4dm9-.js,
JSFile,/_astro/home-cards.B87FP4YI.js,
JSFile,/_astro/home-content-block.BBMORp4H.js,
JSFile,/_astro/home-expandable-chess.jXtRhQ1A.js,
JSFile,/_astro/logos.DJrU6Do-.js,
JSFile,/_astro/home-latest-news.AOvzY9v1.js,
JSFile,/_astro/HomeAccordionTemp.DO7Jq9Ta.js,
JSFile,/_astro/home-full-width-form.CQ0Fb8QM.js,
JSFile,/_astro/default.astro_astro_type_script_index_2_lang.Cgfv-bxd.js,
JSFile,https://trinet.com/_astro/qualified-chat.astro_astro_type_script_index_0_lang.9ku9jaaW.js,
JSFile,https://trinet.com/_astro/gtm-head.astro_astro_type_script_index_0_lang.Cl2NyjVm.js,
JSFile,https://trinet.com/_astro/oracle-unity.astro_astro_type_script_index_0_lang.Cn012nn0.js,
JSFile,https://cdn.bc0a.com/autopilot/f00000000318081/autopilot_sdk.js,
JSFile,https://trinet.com/_astro/ClientRouter.astro_astro_type_script_index_0_lang.B0JFCTGp.js,
JSFile,https://trinet.com/_astro/default.astro_astro_type_script_index_0_lang.DbhMMhal.js,
JSFile,https://trinet.com/_astro/globals.astro_astro_type_script_index_0_lang.jBfRxWgE.js,
JSFile,https://trinet.com/_astro/default.astro_astro_type_script_index_1_lang.D6deNOQi.js,
JSFile,https://trinet.com/_astro/AuxiliaryLinks.astro_astro_type_script_index_0_lang.DBsVjKTD.js,
JSFile,https://trinet.com/_astro/LoginForTopBar.astro_astro_type_script_index_0_lang.bqVZM3Zw.js,
JSFile,https://trinet.com/_astro/CompanyLogo.astro_astro_type_script_index_0_lang.whqrlyCb.js,
JSFile,https://trinet.com/_astro/LoginForDrawer.astro_astro_type_script_index_0_lang.RI3lsBLb.js,
JSFile,https://trinet.com/_astro/NavMain.astro_astro_type_script_index_0_lang.B7W6CYqz.js,
JSFile,https://trinet.com/_astro/default.astro_astro_type_script_index_2_lang.Cgfv-bxd.js,
JSFile,https://trinet.com/.netlify/scripts/rum,
JSFile,/sri-hashes.js,
JSFile,https://d2genwge1af44w.cloudfront.net/assets/moments-5b4c9b97c9fb7b2048001188878059f506f2bfd3.js,
JSFile,https://dev.visualwebsiteoptimizer.com/settings.js,
JSFile,https://tribl.io/h.js,
JSFile,https://dev.visualwebsiteoptimizer.com/web/djIkYTo0LjA6bm9qcXVlcnksdHI6Ny4w/tag-461d8e92f1343c6807e35b6821d956e0.js,
JSFile,/tag-d355d98014f63c42150049c53a3d5812.js,
JSFile,https://d2genwge1af44w.cloudfront.net/assets/moments-73aa7f51dc2841f04d480cd2982f0a85d16e733b.js,
JSFile,https://cdn.bizible.com/xdc.js,
JSFile,https://www.trinet.com/_astro/Checkout.a3b53f41.js,
JSFile,https://dev.visualwebsiteoptimizer.com/web/djIkYTo0LjA6bm9qcXVlcnksdHI6Ny4w/tag-bfa54dc5760a627824e7238bd5ab619b.js,
JSFile,https://app.hushly.com/assets/widget-ad27a380d131c4896fae620f6d8a3a79.js,
JSFile,https://dev.visualwebsiteoptimizer.com/web/djIkYTo0LjA6bm9qcXVlcnksdHI6Ny4w/tag-7f98a3ddd9d2481183c8082c09c44b2c.js,
JSFile,https://tribl.io/firm_tracking.js,
JSFile,/tag-e5f303a314bd517c7598b46d61261412.js,
JSFile,https://dev.visualwebsiteoptimizer.com/web/djIkYTo0LjA6bm9qcXVlcnksdHI6Ny4w/tag-f096b2090fba8a1f4c14d846b7a307f9.js,
JSFile,https://d2wy8f7a9ursnm.cloudfront.net/v6/bugsnag.min.js,
JSFile,https://dev.visualwebsiteoptimizer.com/web/djIkYTo0LjA6bm9qcXVlcnksdHI6Ny4w/tag-a4a1ef684d742033b9c363ba94101592.js,
JSFile,https://tribl.io/hconf.js,
JSFile,https://www.google-analytics.com/analytics.js,
JSFile,https://secure.quantserve.com/quant.js,
JSFile,https://dev.visualwebsiteoptimizer.com/web/djIkYTo0LjA6bm9qcXVlcnksdHI6Ny4w/tag-a6715f8b8893edb3fd9de6dfd492cda3.js,
JSFile,https://rise.trinet.com/52066749-7104202fe2502c78e1e6.js,
JSFile,https://www.trinet.com/_astro/full-story.astro_astro_type_script_index_0_lang.4f18deb5.js,
JSFile,https://www.trinet.com/_astro/Confirmation.7219301c.js,
JSFile,/tag-0aa8dc98352ef9f72f9a18cfc0b00608.js,
JSFile,https://www.trinet.com/_astro/Confirmation.a82b6d40.js,
JSFile,https://bat.bing.com/bat.js,
JSFile,https://rise.trinet.com/f55c227c-9cbdba5ffece3595a287.js,
JSFile,https://app.hushly.com/assets/widget-f198c37422ff0f2a25d85b88a36677b0.js,
JSFile,/tag-635c68fdc7bc8ea2a1d7f1a249831d6e.js,
JSFile,/tag-2cd74f7f2888db888af389d5fea67e25.js,
JSFile,https://dev.visualwebsiteoptimizer.com/web/djIkdHI6Ny4w/tag-f3aa4b6d97eec8a20d84689665d540fb.js,
JSFile,/tag-90d1c59b328d9c90a45785e87c70a86f.js,
JSFile,https://dev.visualwebsiteoptimizer.com/web/djIkdHI6Ny4w/tag-d79f48b493063b585e3470738f19d03a.js,
JSFile,https://dev.visualwebsiteoptimizer.com/web/djIkdHI6Ny4w/tag-7e374e2b22edd7359ad9ab27aa1ff79f.js,
JSFile,https://d2genwge1af44w.cloudfront.net/assets/moments-81e535b6388a8f6e96d7b8b60639cfc9466b5be6.js,
JSFile,https://dev.visualwebsiteoptimizer.com/web/djIkYTo0LjA6bm9qcXVlcnksdHI6Ny4w/tag-f92e32b389e5b65b7f00a8cae1218ab7.js,
JSFile,/tag-715bf3ba46529ae1bcc8683963990b4a.js,
JSFile,https://rise.trinet.com/app-726c38959f7e4632fa68.js,
JSFile,https://dev.visualwebsiteoptimizer.com/web/djIkYTo0LjA6bm9qcXVlcnksdHI6Ny4w/tag-8a3e6881f7038e0b8c372b75c73e0c26.js,
JSFile,https://dev.visualwebsiteoptimizer.com/web/djIkYTo0LjA6bm9qcXVlcnksdHI6Ny4w/tag-db7fbe44c771f1023b9d5ac62d25dfa7.js,
JSFile,https://d2genwge1af44w.cloudfront.net/assets/moments-bb2cd82b458131ca27ba9b2d74f6d9e576f5bf44.js,
JSFile,https://tribl.io/footer.js,
JSFile,https://js.zi-scripts.com/zi-tag.js,
JSFile,https://calculators.symmetry.com/widget/js/hourly.js,
JSFile,/tag-6029467e88bfac7f32791522a79ce564.js,
JSFile,https://rise.trinet.com/styles-4ec463f3d0730c3d1a14.js,
JSFile,https://d2genwge1af44w.cloudfront.net/assets/moments-0940d92375479e143e4bf7166c9e6e4ed18aac6b.js,
JSFile,https://dev.visualwebsiteoptimizer.com/web/djIkYTo0LjA6bm9qcXVlcnksdHI6Ny4w/tag-04fee794693d78a074682dce7bb80735.js,
JSFile,https://rise.trinet.com/532a2f07-fd7df0722775f67842c7.js,
JSFile,https://www.trinet.com/_astro/Confirmation.591d409f.js,
JSFile,https://player.vimeo.com/api/player.js,
JSFile,https://developers.trinet.com/js/main.6aa1b5007b048920.js,
JSFile,https://organizer.bizzabo.com/widgets/tickets/tickets.js,
JSFile,/tag-49ebc8f58c9e236fad7d3dc279f89121.js,
JSFile,https://calculators.symmetry.com/widget/js/salary.js,
JSFile,https://dev.visualwebsiteoptimizer.com/web/djIkYTo0LjA6bm9qcXVlcnksdHI6Ny4w/tag-d099721cc020ef2154858eece4e41d91.js,
JSFile,https://www.trinet.com/_astro/full-story.astro_astro_type_script_index_0_lang.14fe7518.js,
JSFile,https://www.trinet.com/_astro/full-story.astro_astro_type_script_index_0_lang.01e393f8.js,
JSFile,https://dev.visualwebsiteoptimizer.com/web/djIkYTo0LjA6bm9qcXVlcnksdHI6Ny4w/tag-de49bf4d4d484dd9b70711aea240f329.js,
JSFile,https://www.googletagmanager.com/gtm.js,
JSFile,https://www.trinet.com/_astro/Checkout.e53e21b5.js,
JSFile,https://dev.visualwebsiteoptimizer.com/web/djIkYTo0LjA6bm9qcXVlcnksdHI6Ny4w/tag-1af6ab6d07e3be8d5f20a8747c71526e.js,
JSFile,/tag-f8ca4114714a66f8817edeaee1416fa6.js,
JSFile,https://d2genwge1af44w.cloudfront.net/assets/moments-e44457057ace6275d2bea61ce16790fed8c62891.js,
JSFile,https://developers.trinet.com/js/polyfills.ff91ded7f4479494.js,
JSFile,https://investor.trinet.com/js/4797108222.js,
JSFile,/tag-183c401382c37bbbee202fd08b53d1f2.js,
JSFile,https://d2genwge1af44w.cloudfront.net/assets/moments-4fa4d4db76ae985783efceda74374f4831f9b1a1.js,
JSFile,https://d2genwge1af44w.cloudfront.net/assets/moments-168e3663f288dea9ccb9f239381cb8772d67a7a0.js,
JSFile,/tag-e275aa712406d023c6ef171dd4139fb5.js,
JSFile,https://rise.trinet.com/app-11d5daeffadbf03de2b4.js,
JSFile,https://investor.trinet.com/js/typescript/dist/index.js,
JSFile,/tag-e91c5a36c3204342d0cb896a3d55cd7e.js,
JSFile,https://www.trinet.com/_astro/Checkout.a66b1512.js,
JSFile,https://developers.trinet.com/js/main.314e8e1fc18e2bcf.js,
JSFile,https://developers.trinet.com/js/main.25c27679256abcd1.js,
JSFile,https://tags.srv.stackadapt.com/events.js,
JSFile,https://www.trinet.com/_astro/router.92c95da0.js,
JSFile,https://rise.trinet.com/app-c030f7e59556d75341aa.js,
JSFile,https://dev.visualwebsiteoptimizer.com/web/djIkYTo0LjA6bm9qcXVlcnksdHI6Ny4w/tag-af4c6d3ad6067b734e0d2a0403af837d.js,
JSFile,https://dev.visualwebsiteoptimizer.com/web/djIkYTo0LjA6bm9qcXVlcnksdHI6Ny4w/tag-7426c477c66f8c93502a225e2565b7dc.js,
JSFile,https://d2genwge1af44w.cloudfront.net/assets/moments-8d84b302abfd95d06c21c04b31456175b82d17f8.js,
JSFile,https://rise.trinet.com/484bcb1e-f4e019d24103ba3788d7.js,
JSFile,https://cdn.segment.com/analytics.js/v1/P1BOOVZ9SCoK9ux58cXBNYs0AYO6QDXq/analytics.min.js,
JSFile,https://app.leadsrx.com/visitor.js,
JSFile,https://app.hushly.com/assets/widget-501241365316ccaa6a710fa6a5f52abb.js,
JSFile,https://rise.trinet.com/framework-29abef308e7737d951c3.js,
JSFile,/tag-2de22f224ab2b98b3e3786c0669e21e0.js,
JSFile,https://ob.segreencolumn.com/i/bd5c1749efc40fa13439289c6dd22899.js,
JSFile,https://dev.visualwebsiteoptimizer.com/web/djIkdHI6Ny4w/tag-e0eae752a833bb44cde377f08ce787c5.js,
JSFile,https://dev.visualwebsiteoptimizer.com/web/djIkdHI6Ny4w/tag-a0da665b4829a1977023fe68625e9449.js,
JSFile,https://calculators.symmetry.com/widget/js/401k.js,
JSFile,https://rise.trinet.com/app-1ecdf04872454e2c211c.js,
JSFile,https://qvdt3feo.com/events.js,
JSFile,https://app.hushly.com/runtime/widget.js,
JSFile,https://s21.q4cdn.com/143330715/files/js/q4.core.js,
JSFile,/index.Bb6Pm2xz.js,
JSFile,/debugLog.DaQN2T0o.js,
JSFile,//d.oracleinfinity.io/infy/acs/account/e2767de829b3457db634985fce617b96/js/trinet/analytics-production/analytics.js,
JSFile,//d.oracleinfinity.io/infy/personalization/e2767de829b3457db634985fce617b96/production/personalization.js,
JSFile,//d.oracleinfinity.io/infy/acs/account/e2767de829b3457db634985fce617b96/js/trinet/personalization-production/personalization.js,
JSFile,//d.oracleinfinity.io/infy/personalization/e2767de829b3457db634985fce617b96/sandbox/personalization.js,
JSFile,//d.oracleinfinity.io/infy/personalization/e2767de829b3457db634985fce617b96/sandbox/templates.js,
JSFile,//d.oracleinfinity.io/infy/acs/common/js/lib/sizzle.min.js,
JSFile,//d.oracleinfinity.io/infy/acs/common/js/lib/json2.js,
JSFile,//d.oracleinfinity.io/infy/acs/common/js/1.3.53/common.js,
JSFile,/index.CEd4to9T.js,
JSFile,/utm.Dh44PuZJ.js,
JSFile,https://js.qualified.com/qualified.js?token=${t}`,f))}function r(){window.qualified&&(window.qualified(,
JSFile,/router.WLLD8StG.js,
JSFile,https://app.optimizely.com/js/innie.js,
JSFile,/main.js,
JSFile,https://app.optimizely.com/dist/visual-editor/main.js,
JSFile,https://cdn.optimizely.com/js/preview2/30050670980.js,
JSFile,/dist/preview_data.js?token=__TOKEN__&preview_layer_ids=__PREVIEW_LAYER_IDS__,
JSFile,/dist/js/preview_ui.js,
JSFile,/consts.DCOJ9Fan.js,
JSFile,/smooth-scroll.Bn150KUJ.js,
JSFile,/mobile.D1YKsZvy.js,
Technology,Vue.js,
Technology,Astro,
Technology,Netlify,
Technology,server: Netlify,
